,var_id,var_name,data_year
47,f09787,hpsa_code_primary_care_05/21,21
48,f09787,hpsa_code_primary_care_05/20,20
49,f09787,hpsa_code_primary_care_05/19,19
50,f09787,hpsa_code_primary_care_05/18,18
51,f09787,hpsa_code_primary_care_05/17,17
52,f09787,hpsa_code_primary_care_05/16,16
53,f09787,hpsa_code_primary_care_06/15,15
54,f09787,hpsa_code_primary_care_12/10,10
55,f09792,hpsa_code_dentists_05/21,21
56,f09792,hpsa_code_dentists_05/20,20
57,f09792,hpsa_code_dentists_05/19,19
58,f09792,hpsa_code_dentists_05/18,18
59,f09792,hpsa_code_dentists_05/17,17
60,f09792,hpsa_code_dentists_05/16,16
61,f09792,hpsa_code_dentists_06/15,15
62,f09792,hpsa_code_dentists_12/10,10
63,f12492,hpsa_code_mental_health_05/21,21
64,f12492,hpsa_code_mental_health_05/20,20
65,f12492,hpsa_code_mental_health_05/19,19
66,f12492,hpsa_code_mental_health_05/18,18
67,f12492,hpsa_code_mental_health_05/17,17
68,f12492,hpsa_code_mental_health_05/16,16
69,f12492,hpsa_code_mental_health_06/15,15
70,f12492,hpsa_code_mental_health_12/10,10
71,f04101,contiguous_county_#_1,0
72,f04102,contiguous_county_#_2,0
73,f04103,contiguous_county_#_3,0
74,f04104,contiguous_county_#_4,0
75,f04105,contiguous_county_#_5,0
76,f04106,contiguous_county_#_6,0
77,f04107,contiguous_county_#_7,0
78,f04108,contiguous_county_#_8,0
79,f04109,contiguous_county_#_9,0
80,f04110,contiguous_county_#_10,0
81,f04111,contiguous_county_#_11,0
82,f04112,contiguous_county_#_12,0
83,f04113,contiguous_county_#_13,0
84,f04114,contiguous_county_#_14,0
85,f14675,"phys,primary_care,_patient_care",19
86,f14675,"phys,primary_care,_patient_care",18
87,f14675,"phys,primary_care,_patient_care",17
88,f14675,"phys,primary_care,_patient_care",16
89,f14675,"phys,primary_care,_patient_care",15
90,f14675,"phys,primary_care,_patient_care",14
91,f14675,"phys,primary_care,_patient_care",13
92,f14675,"phys,primary_care,_patient_care",12
93,f14675,"phys,primary_care,_patient_care",11
94,f14675,"phys,primary_care,_patient_care",10
95,f14676,"phys,primary_care,_hsp_resident",19
96,f14676,"phys,primary_care,_hsp_resident",18
97,f14676,"phys,primary_care,_hsp_resident",17
98,f14676,"phys,primary_care,_hsp_resident",16
99,f14676,"phys,primary_care,_hsp_resident",15
100,f14676,"phys,primary_care,_hsp_resident",14
101,f14676,"phys,primary_care,_hsp_resident",13
102,f14676,"phys,primary_care,_hsp_resident",12
103,f14676,"phys,primary_care,_hsp_resident",11
104,f14676,"phys,primary_care,_hsp_resident",10
105,f14677,"md's,primary_care,_patient_care",19
106,f14677,"md's,primary_care,_patient_care",18
107,f14677,"md's,primary_care,_patient_care",17
108,f14677,"md's,primary_care,_patient_care",16
109,f14677,"md's,primary_care,_patient_care",15
110,f14677,"md's,primary_care,_patient_care",14
111,f14677,"md's,primary_care,_patient_care",13
112,f14677,"md's,primary_care,_patient_care",12
113,f14677,"md's,primary_care,_patient_care",11
114,f14677,"md's,primary_care,_patient_care",10
115,f14678,"md's,primary_care,_hsp_resident",19
116,f14678,"md's,primary_care,_hsp_resident",18
117,f14678,"md's,primary_care,_hsp_resident",17
118,f14678,"md's,primary_care,_hsp_resident",16
119,f14678,"md's,primary_care,_hsp_resident",15
120,f14678,"md's,primary_care,_hsp_resident",14
121,f14678,"md's,primary_care,_hsp_resident",13
122,f14678,"md's,primary_care,_hsp_resident",12
123,f14678,"md's,primary_care,_hsp_resident",11
124,f14678,"md's,primary_care,_hsp_resident",10
125,f14679,"do's,primary_care,_patient_care",19
126,f14679,"do's,primary_care,_patient_care",18
127,f14679,"do's,primary_care,_patient_care",17
128,f14679,"do's,primary_care,_patient_care",16
129,f14679,"do's,primary_care,_patient_care",15
130,f14679,"do's,primary_care,_patient_care",14
131,f14679,"do's,primary_care,_patient_care",13
132,f14679,"do's,primary_care,_patient_care",12
133,f14679,"do's,primary_care,_patient_care",11
134,f14679,"do's,primary_care,_patient_care",10
135,f14680,"do's,primary_care,_hsp_resident",19
136,f14680,"do's,primary_care,_hsp_resident",18
137,f14680,"do's,primary_care,_hsp_resident",17
138,f14680,"do's,primary_care,_hsp_resident",16
139,f14680,"do's,primary_care,_hsp_resident",15
140,f14680,"do's,primary_care,_hsp_resident",14
141,f14680,"do's,primary_care,_hsp_resident",13
142,f14680,"do's,primary_care,_hsp_resident",12
143,f14680,"do's,primary_care,_hsp_resident",11
144,f14680,"do's,primary_care,_hsp_resident",10
145,f12129,tot_active_m.d.s_non_fed_&_fed,19
146,f12129,tot_active_m.d.s_non_fed_&_fed,15
147,f12129,tot_active_m.d.s_non_fed_&_fed,10
148,f08857,total_active_m.d.s_non_federal,19
149,f08857,total_active_m.d.s_non_federal,18
150,f08857,total_active_m.d.s_non_federal,17
151,f08857,total_active_m.d.s_non_federal,16
152,f08857,total_active_m.d.s_non_federal,15
153,f08857,total_active_m.d.s_non_federal,14
154,f08857,total_active_m.d.s_non_federal,13
155,f08857,total_active_m.d.s_non_federal,12
156,f08857,total_active_m.d.s_non_federal,11
157,f08857,total_active_m.d.s_non_federal,10
158,f08857,total_active_m.d.s_non_federal,5
159,f08857,total_active_m.d.s_non_federal,0
160,f08857,total_active_m.d.s_non_federal,90
161,f08857,total_active_m.d.s_non_federal,80
162,f08857,total_active_m.d.s_non_federal,70
163,f08857,total_active_m.d.s_non_federal,60
164,f12128,"total_m.d.'s,_tot_non_fed_&_fed",19
165,f12128,"total_m.d.'s,_tot_non_fed_&_fed",15
166,f12128,"total_m.d.'s,_tot_non_fed_&_fed",10
167,f04602,"total_m.d.'s,_total_non_fed",19
168,f04602,"total_m.d.'s,_total_non_fed",18
169,f04602,"total_m.d.'s,_total_non_fed",17
170,f04602,"total_m.d.'s,_total_non_fed",16
171,f04602,"total_m.d.'s,_total_non_fed",15
172,f04602,"total_m.d.'s,_total_non_fed",14
173,f04602,"total_m.d.'s,_total_non_fed",13
174,f04602,"total_m.d.'s,_total_non_fed",12
175,f04602,"total_m.d.'s,_total_non_fed",11
176,f04602,"total_m.d.'s,_total_non_fed",10
177,f04602,"total_m.d.'s,_total_non_fed",5
178,f04602,"total_m.d.'s,_total_non_fed",0
179,f11215,"m.d.'s,_total_ptn_care_non_fed",19
180,f11215,"m.d.'s,_total_ptn_care_non_fed",18
181,f11215,"m.d.'s,_total_ptn_care_non_fed",17
182,f11215,"m.d.'s,_total_ptn_care_non_fed",16
183,f11215,"m.d.'s,_total_ptn_care_non_fed",15
184,f11215,"m.d.'s,_total_ptn_care_non_fed",14
185,f11215,"m.d.'s,_total_ptn_care_non_fed",13
186,f11215,"m.d.'s,_total_ptn_care_non_fed",12
187,f11215,"m.d.'s,_total_ptn_care_non_fed",11
188,f11215,"m.d.'s,_total_ptn_care_non_fed",10
189,f11215,"m.d.'s,_total_ptn_care_non_fed",5
190,f11215,"m.d.'s,_total_ptn_care_non_fed",0
191,f04603,"m.d.'s,_pc,_off_based_non_fed",19
192,f04603,"m.d.'s,_pc,_off_based_non_fed",18
193,f04603,"m.d.'s,_pc,_off_based_non_fed",17
194,f04603,"m.d.'s,_pc,_off_based_non_fed",16
195,f04603,"m.d.'s,_pc,_off_based_non_fed",15
196,f04603,"m.d.'s,_pc,_off_based_non_fed",14
197,f04603,"m.d.'s,_pc,_off_based_non_fed",13
198,f04603,"m.d.'s,_pc,_off_based_non_fed",12
199,f04603,"m.d.'s,_pc,_off_based_non_fed",11
200,f04603,"m.d.'s,_pc,_off_based_non_fed",10
201,f04603,"m.d.'s,_pc,_off_based_non_fed",5
202,f11216,"mds,_tot_hosp_based_pc_non_fed",19
203,f11216,"mds,_tot_hosp_based_pc_non_fed",18
204,f11216,"mds,_tot_hosp_based_pc_non_fed",17
205,f11216,"mds,_tot_hosp_based_pc_non_fed",16
206,f11216,"mds,_tot_hosp_based_pc_non_fed",15
207,f11216,"mds,_tot_hosp_based_pc_non_fed",14
208,f11216,"mds,_tot_hosp_based_pc_non_fed",13
209,f11216,"mds,_tot_hosp_based_pc_non_fed",12
210,f11216,"mds,_tot_hosp_based_pc_non_fed",11
211,f11216,"mds,_tot_hosp_based_pc_non_fed",10
212,f11216,"mds,_tot_hosp_based_pc_non_fed",5
213,f12499,"m.d.'s,_total_pc,_hosp_resident",19
214,f12499,"m.d.'s,_total_pc,_hosp_resident",18
215,f12499,"m.d.'s,_total_pc,_hosp_resident",17
216,f12499,"m.d.'s,_total_pc,_hosp_resident",16
217,f12499,"m.d.'s,_total_pc,_hosp_resident",15
218,f12499,"m.d.'s,_total_pc,_hosp_resident",14
219,f12499,"m.d.'s,_total_pc,_hosp_resident",13
220,f12499,"m.d.'s,_total_pc,_hosp_resident",12
221,f12499,"m.d.'s,_total_pc,_hosp_resident",11
222,f12499,"m.d.'s,_total_pc,_hosp_resident",10
223,f12499,"m.d.'s,_total_pc,_hosp_resident",5
224,f04605,"m.d.'s,_total_pc,_hosp_ft_staff",19
225,f04605,"m.d.'s,_total_pc,_hosp_ft_staff",18
226,f04605,"m.d.'s,_total_pc,_hosp_ft_staff",17
227,f04605,"m.d.'s,_total_pc,_hosp_ft_staff",16
228,f04605,"m.d.'s,_total_pc,_hosp_ft_staff",15
229,f04605,"m.d.'s,_total_pc,_hosp_ft_staff",14
230,f04605,"m.d.'s,_total_pc,_hosp_ft_staff",13
231,f04605,"m.d.'s,_total_pc,_hosp_ft_staff",12
232,f04605,"m.d.'s,_total_pc,_hosp_ft_staff",11
233,f04605,"m.d.'s,_total_pc,_hosp_ft_staff",10
234,f04605,"m.d.'s,_total_pc,_hosp_ft_staff",5
235,f11217,"m.d.'s,_total_oth_prof_activity",19
236,f11217,"m.d.'s,_total_oth_prof_activity",18
237,f11217,"m.d.'s,_total_oth_prof_activity",17
238,f11217,"m.d.'s,_total_oth_prof_activity",16
239,f11217,"m.d.'s,_total_oth_prof_activity",15
240,f11217,"m.d.'s,_total_oth_prof_activity",14
241,f11217,"m.d.'s,_total_oth_prof_activity",13
242,f11217,"m.d.'s,_total_oth_prof_activity",12
243,f11217,"m.d.'s,_total_oth_prof_activity",11
244,f11217,"m.d.'s,_total_oth_prof_activity",10
245,f11217,"m.d.'s,_total_oth_prof_activity",5
246,f04606,"m.d.'s,_total_administration",19
247,f04606,"m.d.'s,_total_administration",18
248,f04606,"m.d.'s,_total_administration",17
249,f04606,"m.d.'s,_total_administration",16
250,f04606,"m.d.'s,_total_administration",15
251,f04606,"m.d.'s,_total_administration",14
252,f04606,"m.d.'s,_total_administration",13
253,f04606,"m.d.'s,_total_administration",12
254,f04606,"m.d.'s,_total_administration",11
255,f04606,"m.d.'s,_total_administration",10
256,f04606,"m.d.'s,_total_administration",5
257,f04607,"m.d.'s,_total_teaching",19
258,f04607,"m.d.'s,_total_teaching",18
259,f04607,"m.d.'s,_total_teaching",17
260,f04607,"m.d.'s,_total_teaching",16
261,f04607,"m.d.'s,_total_teaching",15
262,f04607,"m.d.'s,_total_teaching",14
263,f04607,"m.d.'s,_total_teaching",13
264,f04607,"m.d.'s,_total_teaching",12
265,f04607,"m.d.'s,_total_teaching",11
266,f04607,"m.d.'s,_total_teaching",10
267,f04607,"m.d.'s,_total_teaching",5
268,f11068,"m.d.'s,_total_research",19
269,f11068,"m.d.'s,_total_research",18
270,f11068,"m.d.'s,_total_research",17
271,f11068,"m.d.'s,_total_research",16
272,f11068,"m.d.'s,_total_research",15
273,f11068,"m.d.'s,_total_research",14
274,f11068,"m.d.'s,_total_research",13
275,f11068,"m.d.'s,_total_research",12
276,f11068,"m.d.'s,_total_research",11
277,f11068,"m.d.'s,_total_research",10
278,f11068,"m.d.'s,_total_research",5
279,f04609,"m.d.'s,_total_other",19
280,f04609,"m.d.'s,_total_other",18
281,f04609,"m.d.'s,_total_other",17
282,f04609,"m.d.'s,_total_other",16
283,f04609,"m.d.'s,_total_other",15
284,f04609,"m.d.'s,_total_other",14
285,f04609,"m.d.'s,_total_other",13
286,f04609,"m.d.'s,_total_other",12
287,f04609,"m.d.'s,_total_other",11
288,f04609,"m.d.'s,_total_other",10
289,f04609,"m.d.'s,_total_other",5
290,f04610,"md's,_total_gen_pract,_total",19
291,f04610,"md's,_total_gen_pract,_total",15
292,f04610,"md's,_total_gen_pract,_total",10
293,f11069,"md's,_tot_gen_pract,tot_ptn_cr",19
294,f11069,"md's,_tot_gen_pract,tot_ptn_cr",15
295,f11069,"md's,_tot_gen_pract,tot_ptn_cr",10
296,f08860,"md's,_tot_gen_pract,_pc,off_bsd",19
297,f08860,"md's,_tot_gen_pract,_pc,off_bsd",18
298,f08860,"md's,_tot_gen_pract,_pc,off_bsd",17
299,f08860,"md's,_tot_gen_pract,_pc,off_bsd",16
300,f08860,"md's,_tot_gen_pract,_pc,off_bsd",15
301,f08860,"md's,_tot_gen_pract,_pc,off_bsd",14
302,f08860,"md's,_tot_gen_pract,_pc,off_bsd",13
303,f08860,"md's,_tot_gen_pract,_pc,off_bsd",12
304,f08860,"md's,_tot_gen_pract,_pc,off_bsd",11
305,f08860,"md's,_tot_gen_pract,_pc,off_bsd",10
306,f08860,"md's,_tot_gen_pract,_pc,off_bsd",5
307,f12500,"md's,_tot_gen_pract,_pc,hsp_res",19
308,f12500,"md's,_tot_gen_pract,_pc,hsp_res",15
309,f12500,"md's,_tot_gen_pract,_pc,hsp_res",10
310,f04613,"md's,tot_gen_prac,pc,hsp_ft_stf",19
311,f04613,"md's,tot_gen_prac,pc,hsp_ft_stf",15
312,f04613,"md's,tot_gen_prac,pc,hsp_ft_stf",10
313,f04614,"md's,_tot_gen_pract,_administ",19
314,f04614,"md's,_tot_gen_pract,_administ",15
315,f04614,"md's,_tot_gen_pract,_administ",10
316,f04615,"md's,_tot_gen_pract,_teaching",19
317,f04615,"md's,_tot_gen_pract,_teaching",15
318,f04615,"md's,_tot_gen_pract,_teaching",10
319,f11071,"md's,_tot_gen_pract,_research",19
320,f11071,"md's,_tot_gen_pract,_research",15
321,f11071,"md's,_tot_gen_pract,_research",10
322,f04617,"md's,_tot_gen_pract,_other",19
323,f04617,"md's,_tot_gen_pract,_other",15
324,f04617,"md's,_tot_gen_pract,_other",10
325,f09947,"md's,_gen_pract,_total",19
326,f09947,"md's,_gen_pract,_total",15
327,f09947,"md's,_gen_pract,_total",10
328,f11072,"md's,_gen_pract,_total_ptn_care",19
329,f11072,"md's,_gen_pract,_total_ptn_care",15
330,f11072,"md's,_gen_pract,_total_ptn_care",10
331,f09949,"md's,_gen_pract,_pc,_office_bsd",19
332,f09949,"md's,_gen_pract,_pc,_office_bsd",15
333,f09949,"md's,_gen_pract,_pc,_office_bsd",10
334,f09950,"md's,_gen_pract,_pc,_hsp_rsdnt",19
335,f09950,"md's,_gen_pract,_pc,_hsp_rsdnt",15
336,f09950,"md's,_gen_pract,_pc,_hsp_rsdnt",10
337,f09951,"md's,_gen_pract,_pc,_hsp_ft_stf",19
338,f09951,"md's,_gen_pract,_pc,_hsp_ft_stf",15
339,f09951,"md's,_gen_pract,_pc,_hsp_ft_stf",10
340,f09952,"md's,_gen_pract,_administration",19
341,f09952,"md's,_gen_pract,_administration",15
342,f09952,"md's,_gen_pract,_administration",10
343,f09953,"md's,_gen_pract,_teaching",19
344,f09953,"md's,_gen_pract,_teaching",15
345,f09953,"md's,_gen_pract,_teaching",10
346,f11074,"md's,_gen_pract,_research",19
347,f11074,"md's,_gen_pract,_research",15
348,f11074,"md's,_gen_pract,_research",10
349,f09955,"md's,_gen_pract,_other",19
350,f09955,"md's,_gen_pract,_other",15
351,f09955,"md's,_gen_pract,_other",10
352,f11996,"md's,_fam_med_gen,_total",19
353,f11996,"md's,_fam_med_gen,_total",15
354,f11996,"md's,_fam_med_gen,_total",10
355,f11997,"md's,_fam_med_gen,_tot_ptn_cr",19
356,f11997,"md's,_fam_med_gen,_tot_ptn_cr",15
357,f11997,"md's,_fam_med_gen,_tot_ptn_cr",10
358,f11998,"md's,_fam_med_gen,pc,off_bsd",19
359,f11998,"md's,_fam_med_gen,pc,off_bsd",15
360,f11998,"md's,_fam_med_gen,pc,off_bsd",10
361,f12501,"md's,_fam_med_gen,pc,hsp_rsdnt",19
362,f12501,"md's,_fam_med_gen,pc,hsp_rsdnt",15
363,f12501,"md's,_fam_med_gen,pc,hsp_rsdnt",10
364,f12001,"md's,_fam_med_gen,hsp_ft_staff",19
365,f12001,"md's,_fam_med_gen,hsp_ft_staff",15
366,f12001,"md's,_fam_med_gen,hsp_ft_staff",10
367,f12002,"md's,_fam_med_gen,administratn",19
368,f12002,"md's,_fam_med_gen,administratn",15
369,f12002,"md's,_fam_med_gen,administratn",10
370,f12003,"md's,_fam_med_gen,teaching",19
371,f12003,"md's,_fam_med_gen,teaching",15
372,f12003,"md's,_fam_med_gen,teaching",10
373,f12004,"md's,_fam_med_gen,research",19
374,f12004,"md's,_fam_med_gen,research",15
375,f12004,"md's,_fam_med_gen,research",10
376,f12005,"md's,_fam_med_gen,other",19
377,f12005,"md's,_fam_med_gen,other",15
378,f12005,"md's,_fam_med_gen,other",10
379,f12006,"md's,_fam_med_subspec,_total",19
380,f12006,"md's,_fam_med_subspec,_total",15
381,f12006,"md's,_fam_med_subspec,_total",10
382,f12007,"md's,_fam_med_subsp,tot_ptn_cr",19
383,f12007,"md's,_fam_med_subsp,tot_ptn_cr",15
384,f12007,"md's,_fam_med_subsp,tot_ptn_cr",10
385,f12008,"md's,_fam_med_subsp,pc,off_bsd",19
386,f12008,"md's,_fam_med_subsp,pc,off_bsd",15
387,f12008,"md's,_fam_med_subsp,pc,off_bsd",10
388,f12502,"md's,_fam_med_subsp,pc,hsp_res",19
389,f12502,"md's,_fam_med_subsp,pc,hsp_res",15
390,f12502,"md's,_fam_med_subsp,pc,hsp_res",10
391,f12011,"md's,_fam_med_subsp,hsp_ft_stf",19
392,f12011,"md's,_fam_med_subsp,hsp_ft_stf",15
393,f12011,"md's,_fam_med_subsp,hsp_ft_stf",10
394,f12012,"md's,_fam_med_subsp,admin",19
395,f12012,"md's,_fam_med_subsp,admin",15
396,f12012,"md's,_fam_med_subsp,admin",10
397,f12013,"md's,_fam_med_subsp,teaching",19
398,f12013,"md's,_fam_med_subsp,teaching",15
399,f12013,"md's,_fam_med_subsp,teaching",10
400,f12014,"md's,_fam_med_subsp,research",19
401,f12014,"md's,_fam_med_subsp,research",15
402,f12014,"md's,_fam_med_subsp,research",10
403,f12015,"md's,_fam_med_subsp,other",19
404,f12015,"md's,_fam_med_subsp,other",15
405,f12015,"md's,_fam_med_subsp,other",10
406,f04618,"med_spec_tot,_total",19
407,f04618,"med_spec_tot,_total",15
408,f04618,"med_spec_tot,_total",10
409,f11078,"med_spec_tot,_total_patn_care",19
410,f11078,"med_spec_tot,_total_patn_care",15
411,f11078,"med_spec_tot,_total_patn_care",10
412,f08861,"med_spec_tot,_pc,_office_based",19
413,f08861,"med_spec_tot,_pc,_office_based",18
414,f08861,"med_spec_tot,_pc,_office_based",17
415,f08861,"med_spec_tot,_pc,_office_based",16
416,f08861,"med_spec_tot,_pc,_office_based",15
417,f08861,"med_spec_tot,_pc,_office_based",14
418,f08861,"med_spec_tot,_pc,_office_based",13
419,f08861,"med_spec_tot,_pc,_office_based",12
420,f08861,"med_spec_tot,_pc,_office_based",11
421,f08861,"med_spec_tot,_pc,_office_based",10
422,f08861,"med_spec_tot,_pc,_office_based",5
423,f12503,"med_spec_tot,_pc,_hosp_resident",19
424,f12503,"med_spec_tot,_pc,_hosp_resident",15
425,f12503,"med_spec_tot,_pc,_hosp_resident",10
426,f04621,"med_spec_tot,_pc,_hosp_ft_staff",19
427,f04621,"med_spec_tot,_pc,_hosp_ft_staff",15
428,f04621,"med_spec_tot,_pc,_hosp_ft_staff",10
429,f04622,"med_spec_tot,_administration",19
430,f04622,"med_spec_tot,_administration",15
431,f04622,"med_spec_tot,_administration",10
432,f04623,"med_spec_tot,_teaching",19
433,f04623,"med_spec_tot,_teaching",15
434,f04623,"med_spec_tot,_teaching",10
435,f11080,"med_spec_tot,_research",19
436,f11080,"med_spec_tot,_research",15
437,f11080,"med_spec_tot,_research",10
438,f04625,"med_spec_tot,_other",19
439,f04625,"med_spec_tot,_other",15
440,f04625,"med_spec_tot,_other",10
441,f11674,"allergy_&_immunology,_total",19
442,f11674,"allergy_&_immunology,_total",15
443,f11674,"allergy_&_immunology,_total",10
444,f11675,"allergy&immunology,tot_patn_cr",19
445,f11675,"allergy&immunology,tot_patn_cr",15
446,f11675,"allergy&immunology,tot_patn_cr",10
447,f11676,"allergy&immunology,pc,off_based",19
448,f11676,"allergy&immunology,pc,off_based",15
449,f11676,"allergy&immunology,pc,off_based",10
450,f12504,"allergy&immunology,hosp_resdnt",19
451,f12504,"allergy&immunology,hosp_resdnt",15
452,f12504,"allergy&immunology,hosp_resdnt",10
453,f11679,"allergy&immunlgy,pc,hosp_ft_stf",19
454,f11679,"allergy&immunlgy,pc,hosp_ft_stf",15
455,f11679,"allergy&immunlgy,pc,hosp_ft_stf",10
456,f11680,"allergy&immunlgy,administration",19
457,f11680,"allergy&immunlgy,administration",15
458,f11680,"allergy&immunlgy,administration",10
459,f11681,"allergy&immunology,_teaching",19
460,f11681,"allergy&immunology,_teaching",15
461,f11681,"allergy&immunology,_teaching",10
462,f11682,"allergy&immunology,_research",19
463,f11682,"allergy&immunology,_research",15
464,f11682,"allergy&immunology,_research",10
465,f11683,"allergy&immunology,_other",19
466,f11683,"allergy&immunology,_other",15
467,f11683,"allergy&immunology,_other",10
468,f04631,"cardiovas_dis,_total",19
469,f04631,"cardiovas_dis,_total",15
470,f04631,"cardiovas_dis,_total",10
471,f11084,"cardiovas_dis,_total_patn_care",19
472,f11084,"cardiovas_dis,_total_patn_care",15
473,f11084,"cardiovas_dis,_total_patn_care",10
474,f04633,"cardiovas_dis,_pc,_office_based",19
475,f04633,"cardiovas_dis,_pc,_office_based",15
476,f04633,"cardiovas_dis,_pc,_office_based",10
477,f12505,"cardiovas_dis,_pc,_hosp_resdnt",19
478,f12505,"cardiovas_dis,_pc,_hosp_resdnt",15
479,f12505,"cardiovas_dis,_pc,_hosp_resdnt",10
480,f04635,"cardiovas_dis,_pc,_hosp_ft_stf",19
481,f04635,"cardiovas_dis,_pc,_hosp_ft_stf",15
482,f04635,"cardiovas_dis,_pc,_hosp_ft_stf",10
483,f09977,"cardiovas_dis,_administration",19
484,f09977,"cardiovas_dis,_administration",15
485,f09977,"cardiovas_dis,_administration",10
486,f09978,"cardiovas_dis,_teaching",19
487,f09978,"cardiovas_dis,_teaching",15
488,f09978,"cardiovas_dis,_teaching",10
489,f11086,"cardiovas_dis,_research",19
490,f11086,"cardiovas_dis,_research",15
491,f11086,"cardiovas_dis,_research",10
492,f09980,"cardiovas_dis,_other",19
493,f09980,"cardiovas_dis,_other",15
494,f09980,"cardiovas_dis,_other",10
495,f04636,"dermatology,_total",19
496,f04636,"dermatology,_total",15
497,f04636,"dermatology,_total",10
498,f11087,"dermatology,_total_patnt_care",19
499,f11087,"dermatology,_total_patnt_care",15
500,f11087,"dermatology,_total_patnt_care",10
501,f04638,"dermatology,_pc,_office_based",19
502,f04638,"dermatology,_pc,_office_based",15
503,f04638,"dermatology,_pc,_office_based",10
504,f12506,"dermatology,_pc,_hosp_resident",19
505,f12506,"dermatology,_pc,_hosp_resident",15
506,f12506,"dermatology,_pc,_hosp_resident",10
507,f04640,"dermatology,_pc,_hosp_ft_staff",19
508,f04640,"dermatology,_pc,_hosp_ft_staff",15
509,f04640,"dermatology,_pc,_hosp_ft_staff",10
510,f09983,"dermatology,_administration",19
511,f09983,"dermatology,_administration",15
512,f09983,"dermatology,_administration",10
513,f09984,"dermatology,_teaching",19
514,f09984,"dermatology,_teaching",15
515,f09984,"dermatology,_teaching",10
516,f11089,"dermatology,_research",19
517,f11089,"dermatology,_research",15
518,f11089,"dermatology,_research",10
519,f09986,"dermatology,_other",19
520,f09986,"dermatology,_other",15
521,f09986,"dermatology,_other",10
522,f04641,"gastroenterology,_total",19
523,f04641,"gastroenterology,_total",15
524,f04641,"gastroenterology,_total",10
525,f11090,"gastroenterology,_total_ptn_cr",19
526,f11090,"gastroenterology,_total_ptn_cr",15
527,f11090,"gastroenterology,_total_ptn_cr",10
528,f04643,"gastroenterology,_pc,_off_based",19
529,f04643,"gastroenterology,_pc,_off_based",15
530,f04643,"gastroenterology,_pc,_off_based",10
531,f12507,"gastroenterology,_pc,_hosp_res",19
532,f12507,"gastroenterology,_pc,_hosp_res",15
533,f12507,"gastroenterology,_pc,_hosp_res",10
534,f04645,"gastroenterology,_pc,hsp_ft_stf",19
535,f04645,"gastroenterology,_pc,hsp_ft_stf",15
536,f04645,"gastroenterology,_pc,hsp_ft_stf",10
537,f09989,"gastroenterology,_administrat",19
538,f09989,"gastroenterology,_administrat",15
539,f09989,"gastroenterology,_administrat",10
540,f09990,"gastroenterology,_teaching",19
541,f09990,"gastroenterology,_teaching",15
542,f09990,"gastroenterology,_teaching",10
543,f11092,"gastroenterology,_research",19
544,f11092,"gastroenterology,_research",15
545,f11092,"gastroenterology,_research",10
546,f09992,"gastroenterology,_other",19
547,f09992,"gastroenterology,_other",15
548,f09992,"gastroenterology,_other",10
549,f11208,"general_internal_med,_total",19
550,f11208,"general_internal_med,_total",15
551,f11208,"general_internal_med,_total",10
552,f11093,"gnrl_int_med,_total_patn_care",19
553,f11093,"gnrl_int_med,_total_patn_care",15
554,f11093,"gnrl_int_med,_total_patn_care",10
555,f11209,"gnrl_int_med,_pc,_office_based",19
556,f11209,"gnrl_int_med,_pc,_office_based",15
557,f11209,"gnrl_int_med,_pc,_office_based",10
558,f12508,"gnrl_int_med,_pc,_hosp_resident",19
559,f12508,"gnrl_int_med,_pc,_hosp_resident",15
560,f12508,"gnrl_int_med,_pc,_hosp_resident",10
561,f11211,"gnrl_int_med,_pc,_hosp_ft_staff",19
562,f11211,"gnrl_int_med,_pc,_hosp_ft_staff",15
563,f11211,"gnrl_int_med,_pc,_hosp_ft_staff",10
564,f11212,"general_int_med,administration",19
565,f11212,"general_int_med,administration",15
566,f11212,"general_int_med,administration",10
567,f11213,"general_int_med,_teaching",19
568,f11213,"general_int_med,_teaching",15
569,f11213,"general_int_med,_teaching",10
570,f11095,"general_int_med,_research",19
571,f11095,"general_int_med,_research",15
572,f11095,"general_int_med,_research",10
573,f11214,"general_int_med,_other",19
574,f11214,"general_int_med,_other",15
575,f11214,"general_int_med,_other",10
576,f11724,"int_med_subspecs,_total",19
577,f11724,"int_med_subspecs,_total",15
578,f11724,"int_med_subspecs,_total",10
579,f11725,"int_med_subspecs,_tot_patn_care",19
580,f11725,"int_med_subspecs,_tot_patn_care",15
581,f11725,"int_med_subspecs,_tot_patn_care",10
582,f11726,"int_med_subspecs,_pc,_off_based",19
583,f11726,"int_med_subspecs,_pc,_off_based",15
584,f11726,"int_med_subspecs,_pc,_off_based",10
585,f12509,"int_med_subspecs,_pc,_hosp_res",19
586,f12509,"int_med_subspecs,_pc,_hosp_res",15
587,f12509,"int_med_subspecs,_pc,_hosp_res",10
588,f11729,"int_med_subspecs,pc,hosp_ft_stf",19
589,f11729,"int_med_subspecs,pc,hosp_ft_stf",15
590,f11729,"int_med_subspecs,pc,hosp_ft_stf",10
591,f11730,"int_med_subspecs,_administrat",19
592,f11730,"int_med_subspecs,_administrat",15
593,f11730,"int_med_subspecs,_administrat",10
594,f11731,"int_med_subspecs,_teaching",19
595,f11731,"int_med_subspecs,_teaching",15
596,f11731,"int_med_subspecs,_teaching",10
597,f11732,"int_med_subspecs,_research",19
598,f11732,"int_med_subspecs,_research",15
599,f11732,"int_med_subspecs,_research",10
600,f11733,"int_med_subspecs,_other",19
601,f11733,"int_med_subspecs,_other",15
602,f11733,"int_med_subspecs,_other",10
603,f11704,"pediatrics,_general,_total",19
604,f11704,"pediatrics,_general,_total",15
605,f11704,"pediatrics,_general,_total",10
606,f11705,"pediatrics,gen,tot_patient_care",19
607,f11705,"pediatrics,gen,tot_patient_care",15
608,f11705,"pediatrics,gen,tot_patient_care",10
609,f11706,"pediatrics,gen,pc,_office_based",19
610,f11706,"pediatrics,gen,pc,_office_based",15
611,f11706,"pediatrics,gen,pc,_office_based",10
612,f12510,"pediatrics,gen,pc,hosp_resident",19
613,f12510,"pediatrics,gen,pc,hosp_resident",15
614,f12510,"pediatrics,gen,pc,hosp_resident",10
615,f11709,"pediatrics,gen,pc,hosp_ft_staff",19
616,f11709,"pediatrics,gen,pc,hosp_ft_staff",15
617,f11709,"pediatrics,gen,pc,hosp_ft_staff",10
618,f11710,"pediatrics,gen,_administration",19
619,f11710,"pediatrics,gen,_administration",15
620,f11710,"pediatrics,gen,_administration",10
621,f11711,"pediatrics,gen,_teaching",19
622,f11711,"pediatrics,gen,_teaching",15
623,f11711,"pediatrics,gen,_teaching",10
624,f11712,"pediatrics,gen,_research",19
625,f11712,"pediatrics,gen,_research",15
626,f11712,"pediatrics,gen,_research",10
627,f11713,"pediatrics,gen,_other",19
628,f11713,"pediatrics,gen,_other",15
629,f11713,"pediatrics,gen,_other",10
630,f11714,"ped_subspecs,_total",19
631,f11714,"ped_subspecs,_total",15
632,f11714,"ped_subspecs,_total",10
633,f11715,"ped_subspecs,_total_patn_care",19
634,f11715,"ped_subspecs,_total_patn_care",15
635,f11715,"ped_subspecs,_total_patn_care",10
636,f11716,"ped_subspecs,_pc,_office_based",19
637,f11716,"ped_subspecs,_pc,_office_based",15
638,f11716,"ped_subspecs,_pc,_office_based",10
639,f12511,"ped_subspecs,_pc,_hosp_resident",19
640,f12511,"ped_subspecs,_pc,_hosp_resident",15
641,f12511,"ped_subspecs,_pc,_hosp_resident",10
642,f11719,"ped_subspecs,_pc,_hosp_ft_staff",19
643,f11719,"ped_subspecs,_pc,_hosp_ft_staff",15
644,f11719,"ped_subspecs,_pc,_hosp_ft_staff",10
645,f11720,"ped_subspecs,_administration",19
646,f11720,"ped_subspecs,_administration",15
647,f11720,"ped_subspecs,_administration",10
648,f11721,"ped_subspecs,_teaching",19
649,f11721,"ped_subspecs,_teaching",15
650,f11721,"ped_subspecs,_teaching",10
651,f11722,"ped_subspecs,_research",19
652,f11722,"ped_subspecs,_research",15
653,f11722,"ped_subspecs,_research",10
654,f11723,"ped_subspecs,_other",19
655,f11723,"ped_subspecs,_other",15
656,f11723,"ped_subspecs,_other",10
657,f04661,"ped_cardiolgy,_total",19
658,f04661,"ped_cardiolgy,_total",15
659,f04661,"ped_cardiolgy,_total",10
660,f11112,"ped_cardiolgy,_total_patn_care",19
661,f11112,"ped_cardiolgy,_total_patn_care",15
662,f11112,"ped_cardiolgy,_total_patn_care",10
663,f04663,"ped_cardiolgy,_pc,_office_based",19
664,f04663,"ped_cardiolgy,_pc,_office_based",15
665,f04663,"ped_cardiolgy,_pc,_office_based",10
666,f12512,"ped_cardiolgy,_pc,_hosp_resdnt",19
667,f12512,"ped_cardiolgy,_pc,_hosp_resdnt",15
668,f12512,"ped_cardiolgy,_pc,_hosp_resdnt",10
669,f04665,"ped_cardiolgy,_pc,_hosp_ft_stf",19
670,f04665,"ped_cardiolgy,_pc,_hosp_ft_stf",15
671,f04665,"ped_cardiolgy,_pc,_hosp_ft_stf",10
672,f10013,"ped_cardiolgy,_administration",19
673,f10013,"ped_cardiolgy,_administration",15
674,f10013,"ped_cardiolgy,_administration",10
675,f10014,"ped_cardiolgy,_teaching",19
676,f10014,"ped_cardiolgy,_teaching",15
677,f10014,"ped_cardiolgy,_teaching",10
678,f11114,"ped_cardiolgy,_research",19
679,f11114,"ped_cardiolgy,_research",15
680,f11114,"ped_cardiolgy,_research",10
681,f10016,"ped_cardiolgy,_other",19
682,f10016,"ped_cardiolgy,_other",15
683,f10016,"ped_cardiolgy,_other",10
684,f04666,"pulmonary_dis,_total",19
685,f04666,"pulmonary_dis,_total",15
686,f04666,"pulmonary_dis,_total",10
687,f11115,"pulmonary_dis,_total_patn_care",19
688,f11115,"pulmonary_dis,_total_patn_care",15
689,f11115,"pulmonary_dis,_total_patn_care",10
690,f04668,"pulmonary_dis,_pc,_office_based",19
691,f04668,"pulmonary_dis,_pc,_office_based",15
692,f04668,"pulmonary_dis,_pc,_office_based",10
693,f12513,"pulmonary_dis,_pc,_hosp_resdnt",19
694,f12513,"pulmonary_dis,_pc,_hosp_resdnt",15
695,f12513,"pulmonary_dis,_pc,_hosp_resdnt",10
696,f04670,"pulmonary_dis,_pc,_hosp_ft_stf",19
697,f04670,"pulmonary_dis,_pc,_hosp_ft_stf",15
698,f04670,"pulmonary_dis,_pc,_hosp_ft_stf",10
699,f10019,"pulmonary_dis,_administration",19
700,f10019,"pulmonary_dis,_administration",15
701,f10019,"pulmonary_dis,_administration",10
702,f10020,"pulmonary_dis,_teaching",19
703,f10020,"pulmonary_dis,_teaching",15
704,f10020,"pulmonary_dis,_teaching",10
705,f11117,"pulmonary_dis,_research",19
706,f11117,"pulmonary_dis,_research",15
707,f11117,"pulmonary_dis,_research",10
708,f10022,"pulmonary_dis,_other",19
709,f10022,"pulmonary_dis,_other",15
710,f10022,"pulmonary_dis,_other",10
711,f04671,"surg_specs_tot,_total",19
712,f04671,"surg_specs_tot,_total",15
713,f04671,"surg_specs_tot,_total",10
714,f11118,"surg_specs_tot,_total_patn_care",19
715,f11118,"surg_specs_tot,_total_patn_care",15
716,f11118,"surg_specs_tot,_total_patn_care",10
717,f08862,"surg_specs_tot,_pc,_office_bsd",19
718,f08862,"surg_specs_tot,_pc,_office_bsd",18
719,f08862,"surg_specs_tot,_pc,_office_bsd",17
720,f08862,"surg_specs_tot,_pc,_office_bsd",16
721,f08862,"surg_specs_tot,_pc,_office_bsd",15
722,f08862,"surg_specs_tot,_pc,_office_bsd",14
723,f08862,"surg_specs_tot,_pc,_office_bsd",13
724,f08862,"surg_specs_tot,_pc,_office_bsd",12
725,f08862,"surg_specs_tot,_pc,_office_bsd",11
726,f08862,"surg_specs_tot,_pc,_office_bsd",10
727,f08862,"surg_specs_tot,_pc,_office_bsd",5
728,f12514,"surg_specs_tot,_pc,_hosp_resdnt",19
729,f12514,"surg_specs_tot,_pc,_hosp_resdnt",15
730,f12514,"surg_specs_tot,_pc,_hosp_resdnt",10
731,f04675,"surg_specs_tot,_pc,_hosp_ft_stf",19
732,f04675,"surg_specs_tot,_pc,_hosp_ft_stf",15
733,f04675,"surg_specs_tot,_pc,_hosp_ft_stf",10
734,f04676,"surg_specs_tot,_administration",19
735,f04676,"surg_specs_tot,_administration",15
736,f04676,"surg_specs_tot,_administration",10
737,f04677,"surg_specs_tot,_teaching",19
738,f04677,"surg_specs_tot,_teaching",15
739,f04677,"surg_specs_tot,_teaching",10
740,f11120,"surg_specs_tot,_research",19
741,f11120,"surg_specs_tot,_research",15
742,f11120,"surg_specs_tot,_research",10
743,f04679,"surg_specs_tot,_other",19
744,f04679,"surg_specs_tot,_other",15
745,f04679,"surg_specs_tot,_other",10
746,f04680,"genrl_surg,_total",19
747,f04680,"genrl_surg,_total",15
748,f04680,"genrl_surg,_total",10
749,f11121,"genrl_surg,_total_patient_care",19
750,f11121,"genrl_surg,_total_patient_care",15
751,f11121,"genrl_surg,_total_patient_care",10
752,f04682,"genrl_surg,_pc,_office_based",19
753,f04682,"genrl_surg,_pc,_office_based",15
754,f04682,"genrl_surg,_pc,_office_based",10
755,f12515,"genrl_surg,_pc,_hosp_residents",19
756,f12515,"genrl_surg,_pc,_hosp_residents",15
757,f12515,"genrl_surg,_pc,_hosp_residents",10
758,f04684,"genrl_surg,_pc,_hosp_ft_staff",19
759,f04684,"genrl_surg,_pc,_hosp_ft_staff",15
760,f04684,"genrl_surg,_pc,_hosp_ft_staff",10
761,f10027,"genrl_surg,_administration",19
762,f10027,"genrl_surg,_administration",15
763,f10027,"genrl_surg,_administration",10
764,f10028,"genrl_surg,_teaching",19
765,f10028,"genrl_surg,_teaching",15
766,f10028,"genrl_surg,_teaching",10
767,f11123,"genrl_surg,_research",19
768,f11123,"genrl_surg,_research",15
769,f11123,"genrl_surg,_research",10
770,f10030,"genrl_surg,_other",19
771,f10030,"genrl_surg,_other",15
772,f10030,"genrl_surg,_other",10
773,f04685,"neurolgcal_surg,_total",19
774,f04685,"neurolgcal_surg,_total",15
775,f04685,"neurolgcal_surg,_total",10
776,f11124,"neurolgcal_surg,_total_ptn_care",19
777,f11124,"neurolgcal_surg,_total_ptn_care",15
778,f11124,"neurolgcal_surg,_total_ptn_care",10
779,f04687,"neurolgcal_surg,_pc,_office_bsd",19
780,f04687,"neurolgcal_surg,_pc,_office_bsd",15
781,f04687,"neurolgcal_surg,_pc,_office_bsd",10
782,f12516,"neurolgcal_surg,_pc,_hosp_res",19
783,f12516,"neurolgcal_surg,_pc,_hosp_res",15
784,f12516,"neurolgcal_surg,_pc,_hosp_res",10
785,f04689,"neurolgcal_surg,_pc,_hsp_ft_stf",19
786,f04689,"neurolgcal_surg,_pc,_hsp_ft_stf",15
787,f04689,"neurolgcal_surg,_pc,_hsp_ft_stf",10
788,f10033,"neurolgcal_surg,_administration",19
789,f10033,"neurolgcal_surg,_administration",15
790,f10033,"neurolgcal_surg,_administration",10
791,f10034,"neurolgcal_surg,_teaching",19
792,f10034,"neurolgcal_surg,_teaching",15
793,f10034,"neurolgcal_surg,_teaching",10
794,f11126,"neurolgcal_surg,_research",19
795,f11126,"neurolgcal_surg,_research",15
796,f11126,"neurolgcal_surg,_research",10
797,f10036,"neurolgcal_surg,_other",19
798,f10036,"neurolgcal_surg,_other",15
799,f10036,"neurolgcal_surg,_other",10
800,f11684,"ob_gyn,_general,_total",19
801,f11684,"ob_gyn,_general,_total",15
802,f11684,"ob_gyn,_general,_total",10
803,f11685,"ob_gyn,_gen,_total_patient_care",19
804,f11685,"ob_gyn,_gen,_total_patient_care",15
805,f11685,"ob_gyn,_gen,_total_patient_care",10
806,f11686,"ob_gyn,_gen,_pc,_office_based",19
807,f11686,"ob_gyn,_gen,_pc,_office_based",15
808,f11686,"ob_gyn,_gen,_pc,_office_based",10
809,f12517,"ob_gyn,_gen,_pc,_hosp_residents",19
810,f12517,"ob_gyn,_gen,_pc,_hosp_residents",15
811,f12517,"ob_gyn,_gen,_pc,_hosp_residents",10
812,f11689,"ob_gyn,_gen,_pc,_hosp_ft_staff",19
813,f11689,"ob_gyn,_gen,_pc,_hosp_ft_staff",15
814,f11689,"ob_gyn,_gen,_pc,_hosp_ft_staff",10
815,f11690,"ob_gyn,_general,_administration",19
816,f11690,"ob_gyn,_general,_administration",15
817,f11690,"ob_gyn,_general,_administration",10
818,f11691,"ob_gyn,_general,_teaching",19
819,f11691,"ob_gyn,_general,_teaching",15
820,f11691,"ob_gyn,_general,_teaching",10
821,f11692,"ob_gyn,_general,_research",19
822,f11692,"ob_gyn,_general,_research",15
823,f11692,"ob_gyn,_general,_research",10
824,f11693,"ob_gyn,_general,_other",19
825,f11693,"ob_gyn,_general,_other",15
826,f11693,"ob_gyn,_general,_other",10
827,f11694,"ob_gyn_subspecs,_total",19
828,f11694,"ob_gyn_subspecs,_total",15
829,f11694,"ob_gyn_subspecs,_total",10
830,f11695,"ob_gyn_subspecs,tot_patient_cr",19
831,f11695,"ob_gyn_subspecs,tot_patient_cr",15
832,f11695,"ob_gyn_subspecs,tot_patient_cr",10
833,f11696,"ob_gyn_subspecs,pc,off_based",19
834,f11696,"ob_gyn_subspecs,pc,off_based",15
835,f11696,"ob_gyn_subspecs,pc,off_based",10
836,f12518,"ob_gyn_subspecs,pc,hosp_residnt",19
837,f12518,"ob_gyn_subspecs,pc,hosp_residnt",15
838,f12518,"ob_gyn_subspecs,pc,hosp_residnt",10
839,f11699,"ob_gyn_subspecs,pc,hosp_ft_stf",19
840,f11699,"ob_gyn_subspecs,pc,hosp_ft_stf",15
841,f11699,"ob_gyn_subspecs,pc,hosp_ft_stf",10
842,f11700,"ob_gyn_subspecs,_administration",19
843,f11700,"ob_gyn_subspecs,_administration",15
844,f11700,"ob_gyn_subspecs,_administration",10
845,f11701,"ob_gyn_subspecs,_teaching",19
846,f11701,"ob_gyn_subspecs,_teaching",15
847,f11701,"ob_gyn_subspecs,_teaching",10
848,f11702,"ob_gyn_subspecs,_research",19
849,f11702,"ob_gyn_subspecs,_research",15
850,f11702,"ob_gyn_subspecs,_research",10
851,f11703,"ob_gyn_subspecs,_other",19
852,f11703,"ob_gyn_subspecs,_other",15
853,f11703,"ob_gyn_subspecs,_other",10
854,f04695,"ophthalmolgy,_total",19
855,f04695,"ophthalmolgy,_total",15
856,f04695,"ophthalmolgy,_total",10
857,f11130,"ophthalmolgy,_total_patn_care",19
858,f11130,"ophthalmolgy,_total_patn_care",15
859,f11130,"ophthalmolgy,_total_patn_care",10
860,f04697,"ophthalmolgy,_pc,_office_based",19
861,f04697,"ophthalmolgy,_pc,_office_based",15
862,f04697,"ophthalmolgy,_pc,_office_based",10
863,f12519,"ophthalmolgy,_pc,_hosp_resdnts",19
864,f12519,"ophthalmolgy,_pc,_hosp_resdnts",15
865,f12519,"ophthalmolgy,_pc,_hosp_resdnts",10
866,f04699,"ophthalmolgy,_pc,_hosp_ft_staff",19
867,f04699,"ophthalmolgy,_pc,_hosp_ft_staff",15
868,f04699,"ophthalmolgy,_pc,_hosp_ft_staff",10
869,f10045,"ophthalmolgy,_administration",19
870,f10045,"ophthalmolgy,_administration",15
871,f10045,"ophthalmolgy,_administration",10
872,f10046,"ophthalmolgy,_teaching",19
873,f10046,"ophthalmolgy,_teaching",15
874,f10046,"ophthalmolgy,_teaching",10
875,f11132,"ophthalmolgy,_research",19
876,f11132,"ophthalmolgy,_research",15
877,f11132,"ophthalmolgy,_research",10
878,f10048,"ophthalmolgy,_other",19
879,f10048,"ophthalmolgy,_other",15
880,f10048,"ophthalmolgy,_other",10
881,f04700,"orthopedic_surg,_total",19
882,f04700,"orthopedic_surg,_total",15
883,f04700,"orthopedic_surg,_total",10
884,f11133,"orthopedic_surg,_total_ptn_care",19
885,f11133,"orthopedic_surg,_total_ptn_care",15
886,f11133,"orthopedic_surg,_total_ptn_care",10
887,f04702,"orthopedic_surg,_pc,_off_based",19
888,f04702,"orthopedic_surg,_pc,_off_based",15
889,f04702,"orthopedic_surg,_pc,_off_based",10
890,f12520,"orthopedic_surg,_pc,_hosp_res",19
891,f12520,"orthopedic_surg,_pc,_hosp_res",15
892,f12520,"orthopedic_surg,_pc,_hosp_res",10
893,f04704,"orthopedic_surg,_pc,_hsp_ft_stf",19
894,f04704,"orthopedic_surg,_pc,_hsp_ft_stf",15
895,f04704,"orthopedic_surg,_pc,_hsp_ft_stf",10
896,f10051,"orthopedic_surg,_administration",19
897,f10051,"orthopedic_surg,_administration",15
898,f10051,"orthopedic_surg,_administration",10
899,f10052,"orthopedic_surg,_teaching",19
900,f10052,"orthopedic_surg,_teaching",15
901,f10052,"orthopedic_surg,_teaching",10
902,f11135,"orthopedic_surg,_research",19
903,f11135,"orthopedic_surg,_research",15
904,f11135,"orthopedic_surg,_research",10
905,f10054,"orthopedic_surg,_other",19
906,f10054,"orthopedic_surg,_other",15
907,f10054,"orthopedic_surg,_other",10
908,f04705,"otolaryngolgy,_total",19
909,f04705,"otolaryngolgy,_total",15
910,f04705,"otolaryngolgy,_total",10
911,f11136,"otolaryngolgy,_total_ptn_care",19
912,f11136,"otolaryngolgy,_total_ptn_care",15
913,f11136,"otolaryngolgy,_total_ptn_care",10
914,f04707,"otolaryngolgy,_pc,_office_based",19
915,f04707,"otolaryngolgy,_pc,_office_based",15
916,f04707,"otolaryngolgy,_pc,_office_based",10
917,f12521,"otolaryngolgy,_pc,_hosp_resdnt",19
918,f12521,"otolaryngolgy,_pc,_hosp_resdnt",15
919,f12521,"otolaryngolgy,_pc,_hosp_resdnt",10
920,f04709,"otolaryngolgy,_pc,_hosp_ft_stf",19
921,f04709,"otolaryngolgy,_pc,_hosp_ft_stf",15
922,f04709,"otolaryngolgy,_pc,_hosp_ft_stf",10
923,f10057,"otolaryngolgy,_administration",19
924,f10057,"otolaryngolgy,_administration",15
925,f10057,"otolaryngolgy,_administration",10
926,f10058,"otolaryngolgy,_teaching",19
927,f10058,"otolaryngolgy,_teaching",15
928,f10058,"otolaryngolgy,_teaching",10
929,f11138,"otolaryngolgy,_research",19
930,f11138,"otolaryngolgy,_research",15
931,f11138,"otolaryngolgy,_research",10
932,f10060,"otolaryngolgy,_other",19
933,f10060,"otolaryngolgy,_other",15
934,f10060,"otolaryngolgy,_other",10
935,f04710,"plastic_surg,_total",19
936,f04710,"plastic_surg,_total",15
937,f04710,"plastic_surg,_total",10
938,f11139,"plastic_surg,_total_patn_care",19
939,f11139,"plastic_surg,_total_patn_care",15
940,f11139,"plastic_surg,_total_patn_care",10
941,f04712,"plastic_surg,_pc,_office_based",19
942,f04712,"plastic_surg,_pc,_office_based",15
943,f04712,"plastic_surg,_pc,_office_based",10
944,f12522,"plastic_surg,_pc,_hosp_resident",19
945,f12522,"plastic_surg,_pc,_hosp_resident",15
946,f12522,"plastic_surg,_pc,_hosp_resident",10
947,f04714,"plastic_surg,_pc,_hosp_ft_staff",19
948,f04714,"plastic_surg,_pc,_hosp_ft_staff",15
949,f04714,"plastic_surg,_pc,_hosp_ft_staff",10
950,f10063,"plastic_surg,_administration",19
951,f10063,"plastic_surg,_administration",15
952,f10063,"plastic_surg,_administration",10
953,f10064,"plastic_surg,_teaching",19
954,f10064,"plastic_surg,_teaching",15
955,f10064,"plastic_surg,_teaching",10
956,f11141,"plastic_surg,_research",19
957,f11141,"plastic_surg,_research",15
958,f11141,"plastic_surg,_research",10
959,f10066,"plastic_surg,_other",19
960,f10066,"plastic_surg,_other",15
961,f10066,"plastic_surg,_other",10
962,f04715,"colon/rectal_srg,_total",19
963,f04715,"colon/rectal_srg,_total",15
964,f04715,"colon/rectal_srg,_total",10
965,f11142,"colon/rectal_srg,_total_ptn_cr",19
966,f11142,"colon/rectal_srg,_total_ptn_cr",15
967,f11142,"colon/rectal_srg,_total_ptn_cr",10
968,f04717,"colon/rectal_srg,_pc,_off_based",19
969,f04717,"colon/rectal_srg,_pc,_off_based",15
970,f04717,"colon/rectal_srg,_pc,_off_based",10
971,f12523,"colon/rectal_srg,_pc,_hosp_res",19
972,f12523,"colon/rectal_srg,_pc,_hosp_res",15
973,f12523,"colon/rectal_srg,_pc,_hosp_res",10
974,f04719,"colon/rectal_srg,_pc,hsp_ft_stf",19
975,f04719,"colon/rectal_srg,_pc,hsp_ft_stf",15
976,f04719,"colon/rectal_srg,_pc,hsp_ft_stf",10
977,f10069,"colon/rectal_srg,_administrat",19
978,f10069,"colon/rectal_srg,_administrat",15
979,f10069,"colon/rectal_srg,_administrat",10
980,f10070,"colon/rectal_srg,_teaching",19
981,f10070,"colon/rectal_srg,_teaching",15
982,f10070,"colon/rectal_srg,_teaching",10
983,f11144,"colon/rectal_srg,_research",19
984,f11144,"colon/rectal_srg,_research",15
985,f11144,"colon/rectal_srg,_research",10
986,f10072,"colon/rectal_srg,_other",19
987,f10072,"colon/rectal_srg,_other",15
988,f10072,"colon/rectal_srg,_other",10
989,f04720,"thoracic_surg,_total",19
990,f04720,"thoracic_surg,_total",15
991,f04720,"thoracic_surg,_total",10
992,f11145,"thoracic_surg,_total_patn_care",19
993,f11145,"thoracic_surg,_total_patn_care",15
994,f11145,"thoracic_surg,_total_patn_care",10
995,f04722,"thoracic_surg,_pc,_office_based",19
996,f04722,"thoracic_surg,_pc,_office_based",15
997,f04722,"thoracic_surg,_pc,_office_based",10
998,f12524,"thoracic_surg,_pc,_hosp_resdnt",19
999,f12524,"thoracic_surg,_pc,_hosp_resdnt",15
1000,f12524,"thoracic_surg,_pc,_hosp_resdnt",10
1001,f04724,"thoracic_surg,_pc,_hosp_ft_stf",19
1002,f04724,"thoracic_surg,_pc,_hosp_ft_stf",15
1003,f04724,"thoracic_surg,_pc,_hosp_ft_stf",10
1004,f10075,"thoracic_surg,_administration",19
1005,f10075,"thoracic_surg,_administration",15
1006,f10075,"thoracic_surg,_administration",10
1007,f10076,"thoracic_surg,_teaching",19
1008,f10076,"thoracic_surg,_teaching",15
1009,f10076,"thoracic_surg,_teaching",10
1010,f11147,"thoracic_surg,_research",19
1011,f11147,"thoracic_surg,_research",15
1012,f11147,"thoracic_surg,_research",10
1013,f10078,"thoracic_surg,_other",19
1014,f10078,"thoracic_surg,_other",15
1015,f10078,"thoracic_surg,_other",10
1016,f04725,"urology,_total",19
1017,f04725,"urology,_total",15
1018,f04725,"urology,_total",10
1019,f11148,"urology,_total_patient_care",19
1020,f11148,"urology,_total_patient_care",15
1021,f11148,"urology,_total_patient_care",10
1022,f04727,"urology,_pc,_office_based",19
1023,f04727,"urology,_pc,_office_based",15
1024,f04727,"urology,_pc,_office_based",10
1025,f12525,"urology,_pc,_hosp_residents",19
1026,f12525,"urology,_pc,_hosp_residents",15
1027,f12525,"urology,_pc,_hosp_residents",10
1028,f04729,"urology,_pc,_hosp_ft_staff",19
1029,f04729,"urology,_pc,_hosp_ft_staff",15
1030,f04729,"urology,_pc,_hosp_ft_staff",10
1031,f10081,"urology,_administration",19
1032,f10081,"urology,_administration",15
1033,f10081,"urology,_administration",10
1034,f10082,"urology,_teaching",19
1035,f10082,"urology,_teaching",15
1036,f10082,"urology,_teaching",10
1037,f11150,"urology,_research",19
1038,f11150,"urology,_research",15
1039,f11150,"urology,_research",10
1040,f10084,"urology,_other",19
1041,f10084,"urology,_other",15
1042,f10084,"urology,_other",10
1043,f04730,"other_spec,_tot,_total",19
1044,f04730,"other_spec,_tot,_total",15
1045,f04730,"other_spec,_tot,_total",10
1046,f11151,"other_spec,_tot,_total_ptn_care",19
1047,f11151,"other_spec,_tot,_total_ptn_care",15
1048,f11151,"other_spec,_tot,_total_ptn_care",10
1049,f08863,"other_spec,_tot,_pc,_off_based",19
1050,f08863,"other_spec,_tot,_pc,_off_based",18
1051,f08863,"other_spec,_tot,_pc,_off_based",17
1052,f08863,"other_spec,_tot,_pc,_off_based",16
1053,f08863,"other_spec,_tot,_pc,_off_based",15
1054,f08863,"other_spec,_tot,_pc,_off_based",14
1055,f08863,"other_spec,_tot,_pc,_off_based",13
1056,f08863,"other_spec,_tot,_pc,_off_based",12
1057,f08863,"other_spec,_tot,_pc,_off_based",11
1058,f08863,"other_spec,_tot,_pc,_off_based",10
1059,f08863,"other_spec,_tot,_pc,_off_based",5
1060,f12526,"other_spec,_tot,_pc,_hosp_res",19
1061,f12526,"other_spec,_tot,_pc,_hosp_res",15
1062,f12526,"other_spec,_tot,_pc,_hosp_res",10
1063,f04733,"other_spec,_tot,_pc,_hsp_ft_stf",19
1064,f04733,"other_spec,_tot,_pc,_hsp_ft_stf",15
1065,f04733,"other_spec,_tot,_pc,_hsp_ft_stf",10
1066,f04734,"other_spec,_tot,_administration",19
1067,f04734,"other_spec,_tot,_administration",15
1068,f04734,"other_spec,_tot,_administration",10
1069,f04735,"other_spec,_tot,_teaching",19
1070,f04735,"other_spec,_tot,_teaching",15
1071,f04735,"other_spec,_tot,_teaching",10
1072,f11153,"other_spec,_tot,_research",19
1073,f11153,"other_spec,_tot,_research",15
1074,f11153,"other_spec,_tot,_research",10
1075,f04737,"other_spec,_tot,_other",19
1076,f04737,"other_spec,_tot,_other",15
1077,f04737,"other_spec,_tot,_other",10
1078,f04738,"aerospace_med,_total",19
1079,f04738,"aerospace_med,_total",15
1080,f04738,"aerospace_med,_total",10
1081,f11154,"aerospace_med,_total_patn_care",19
1082,f11154,"aerospace_med,_total_patn_care",15
1083,f11154,"aerospace_med,_total_patn_care",10
1084,f04740,"aerospace_med,_pc,_office_based",19
1085,f04740,"aerospace_med,_pc,_office_based",15
1086,f04740,"aerospace_med,_pc,_office_based",10
1087,f12527,"aerospace_med,_pc,_hosp_resdnt",19
1088,f12527,"aerospace_med,_pc,_hosp_resdnt",15
1089,f12527,"aerospace_med,_pc,_hosp_resdnt",10
1090,f04742,"aerospace_med,_pc,_hosp_ft_stf",19
1091,f04742,"aerospace_med,_pc,_hosp_ft_stf",15
1092,f04742,"aerospace_med,_pc,_hosp_ft_stf",10
1093,f10089,"aerospace_med,_administration",19
1094,f10089,"aerospace_med,_administration",15
1095,f10089,"aerospace_med,_administration",10
1096,f10090,"aerospace_med,_teaching",19
1097,f10090,"aerospace_med,_teaching",15
1098,f10090,"aerospace_med,_teaching",10
1099,f11156,"aerospace_med,_research",19
1100,f11156,"aerospace_med,_research",15
1101,f11156,"aerospace_med,_research",10
1102,f10092,"aerospace_med,_other",19
1103,f10092,"aerospace_med,_other",15
1104,f10092,"aerospace_med,_other",10
1105,f04743,"anesthesiolgy,_total",19
1106,f04743,"anesthesiolgy,_total",15
1107,f04743,"anesthesiolgy,_total",10
1108,f11157,"anesthesiolgy,_total_patn_care",19
1109,f11157,"anesthesiolgy,_total_patn_care",15
1110,f11157,"anesthesiolgy,_total_patn_care",10
1111,f04745,"anesthesiolgy,_pc,_office_based",19
1112,f04745,"anesthesiolgy,_pc,_office_based",15
1113,f04745,"anesthesiolgy,_pc,_office_based",10
1114,f12528,"anesthesiolgy,_pc,_hosp_resdnt",19
1115,f12528,"anesthesiolgy,_pc,_hosp_resdnt",15
1116,f12528,"anesthesiolgy,_pc,_hosp_resdnt",10
1117,f04747,"anesthesiolgy,_pc,_hosp_ft_stf",19
1118,f04747,"anesthesiolgy,_pc,_hosp_ft_stf",15
1119,f04747,"anesthesiolgy,_pc,_hosp_ft_stf",10
1120,f10095,"anesthesiolgy,_administration",19
1121,f10095,"anesthesiolgy,_administration",15
1122,f10095,"anesthesiolgy,_administration",10
1123,f10096,"anesthesiolgy,_teaching",19
1124,f10096,"anesthesiolgy,_teaching",15
1125,f10096,"anesthesiolgy,_teaching",10
1126,f11159,"anesthesiolgy,_research",19
1127,f11159,"anesthesiolgy,_research",15
1128,f11159,"anesthesiolgy,_research",10
1129,f10098,"anesthesiolgy,_other",19
1130,f10098,"anesthesiolgy,_other",15
1131,f10098,"anesthesiolgy,_other",10
1132,f04748,"child_psych,_total",19
1133,f04748,"child_psych,_total",15
1134,f04748,"child_psych,_total",10
1135,f11160,"child_psych,_total_patn_care",19
1136,f11160,"child_psych,_total_patn_care",15
1137,f11160,"child_psych,_total_patn_care",10
1138,f04750,"child_psych,_pc,_office_based",19
1139,f04750,"child_psych,_pc,_office_based",15
1140,f04750,"child_psych,_pc,_office_based",10
1141,f12529,"child_psych,_pc,_hosp_residents",19
1142,f12529,"child_psych,_pc,_hosp_residents",15
1143,f12529,"child_psych,_pc,_hosp_residents",10
1144,f04752,"child_psych,_pc,_hosp_ft_staff",19
1145,f04752,"child_psych,_pc,_hosp_ft_staff",15
1146,f04752,"child_psych,_pc,_hosp_ft_staff",10
1147,f10101,"child_psych,_administration",19
1148,f10101,"child_psych,_administration",15
1149,f10101,"child_psych,_administration",10
1150,f10102,"child_psych,_teaching",19
1151,f10102,"child_psych,_teaching",15
1152,f10102,"child_psych,_teaching",10
1153,f11162,"child_psych,_research",19
1154,f11162,"child_psych,_research",15
1155,f11162,"child_psych,_research",10
1156,f10104,"child_psych,_other",19
1157,f10104,"child_psych,_other",15
1158,f10104,"child_psych,_other",10
1159,f04753,"diag_radiolgy,_total",19
1160,f04753,"diag_radiolgy,_total",15
1161,f04753,"diag_radiolgy,_total",10
1162,f11163,"diag_radiolgy,_total_patn_care",19
1163,f11163,"diag_radiolgy,_total_patn_care",15
1164,f11163,"diag_radiolgy,_total_patn_care",10
1165,f04755,"diag_radiolgy,_pc,_office_based",19
1166,f04755,"diag_radiolgy,_pc,_office_based",15
1167,f04755,"diag_radiolgy,_pc,_office_based",10
1168,f12530,"diag_radiolgy,_pc,_hosp_resdnt",19
1169,f12530,"diag_radiolgy,_pc,_hosp_resdnt",15
1170,f12530,"diag_radiolgy,_pc,_hosp_resdnt",10
1171,f04757,"diag_radiolgy,_pc,_hosp_ft_stf",19
1172,f04757,"diag_radiolgy,_pc,_hosp_ft_stf",15
1173,f04757,"diag_radiolgy,_pc,_hosp_ft_stf",10
1174,f10107,"diag_radiolgy,_administration",19
1175,f10107,"diag_radiolgy,_administration",15
1176,f10107,"diag_radiolgy,_administration",10
1177,f10108,"diag_radiolgy,_teaching",19
1178,f10108,"diag_radiolgy,_teaching",15
1179,f10108,"diag_radiolgy,_teaching",10
1180,f11165,"diag_radiolgy,_research",19
1181,f11165,"diag_radiolgy,_research",15
1182,f11165,"diag_radiolgy,_research",10
1183,f10110,"diag_radiolgy,_other",19
1184,f10110,"diag_radiolgy,_other",15
1185,f10110,"diag_radiolgy,_other",10
1186,f09826,"emergency_med,_total",19
1187,f09826,"emergency_med,_total",15
1188,f09826,"emergency_med,_total",10
1189,f11166,"emergency_med,_total_patn_care",19
1190,f11166,"emergency_med,_total_patn_care",15
1191,f11166,"emergency_med,_total_patn_care",10
1192,f09828,"emergency_med,_pc,_office_based",19
1193,f09828,"emergency_med,_pc,_office_based",15
1194,f09828,"emergency_med,_pc,_office_based",10
1195,f12531,"emergency_med,_pc,_hosp_resdnt",19
1196,f12531,"emergency_med,_pc,_hosp_resdnt",15
1197,f12531,"emergency_med,_pc,_hosp_resdnt",10
1198,f09830,"emergency_med,_pc,_hosp_ft_stf",19
1199,f09830,"emergency_med,_pc,_hosp_ft_stf",15
1200,f09830,"emergency_med,_pc,_hosp_ft_stf",10
1201,f10185,"emergency_med,_administration",19
1202,f10185,"emergency_med,_administration",15
1203,f10185,"emergency_med,_administration",10
1204,f10186,"emergency_med,_teaching",19
1205,f10186,"emergency_med,_teaching",15
1206,f10186,"emergency_med,_teaching",10
1207,f11168,"emergency_med,_research",19
1208,f11168,"emergency_med,_research",15
1209,f11168,"emergency_med,_research",10
1210,f10188,"emergency_med,_other",19
1211,f10188,"emergency_med,_other",15
1212,f10188,"emergency_med,_other",10
1213,f04758,"forensic_path,_total",19
1214,f04758,"forensic_path,_total",15
1215,f04758,"forensic_path,_total",10
1216,f11169,"forensic_path,_total_patn_care",19
1217,f11169,"forensic_path,_total_patn_care",15
1218,f11169,"forensic_path,_total_patn_care",10
1219,f04760,"forensic_path,_pc,_office_based",19
1220,f04760,"forensic_path,_pc,_office_based",15
1221,f04760,"forensic_path,_pc,_office_based",10
1222,f12532,"forensic_path,_pc,_hosp_resdnt",19
1223,f12532,"forensic_path,_pc,_hosp_resdnt",15
1224,f12532,"forensic_path,_pc,_hosp_resdnt",10
1225,f04762,"forensic_path,_pc,_hosp_ft_stf",19
1226,f04762,"forensic_path,_pc,_hosp_ft_stf",15
1227,f04762,"forensic_path,_pc,_hosp_ft_stf",10
1228,f10113,"forensic_path,_administration",19
1229,f10113,"forensic_path,_administration",15
1230,f10113,"forensic_path,_administration",10
1231,f10114,"forensic_path,_teaching",19
1232,f10114,"forensic_path,_teaching",15
1233,f10114,"forensic_path,_teaching",10
1234,f11171,"forensic_path,_research",19
1235,f11171,"forensic_path,_research",15
1236,f11171,"forensic_path,_research",10
1237,f10116,"forensic_path,_other",19
1238,f10116,"forensic_path,_other",15
1239,f10116,"forensic_path,_other",10
1240,f12425,"medical_genetics,_total",19
1241,f12425,"medical_genetics,_total",15
1242,f12425,"medical_genetics,_total",10
1243,f12432,"medical_genetics,tot_patnt_care",19
1244,f12432,"medical_genetics,tot_patnt_care",15
1245,f12432,"medical_genetics,tot_patnt_care",10
1246,f12433,"medical_genetics,pc,off_based",19
1247,f12433,"medical_genetics,pc,off_based",15
1248,f12433,"medical_genetics,pc,off_based",10
1249,f12533,"medical_genetics,pc,hosp_resdnt",19
1250,f12533,"medical_genetics,pc,hosp_resdnt",15
1251,f12533,"medical_genetics,pc,hosp_resdnt",10
1252,f12436,"medical_genetics,pc,hosp_ft_stf",19
1253,f12436,"medical_genetics,pc,hosp_ft_stf",15
1254,f12436,"medical_genetics,pc,hosp_ft_stf",10
1255,f12437,"medical_genetics,administration",19
1256,f12437,"medical_genetics,administration",15
1257,f12437,"medical_genetics,administration",10
1258,f12438,"medical_genetics,_teaching",19
1259,f12438,"medical_genetics,_teaching",15
1260,f12438,"medical_genetics,_teaching",10
1261,f12439,"medical_genetics,_research",19
1262,f12439,"medical_genetics,_research",15
1263,f12439,"medical_genetics,_research",10
1264,f12440,"medical_genetics,_other",19
1265,f12440,"medical_genetics,_other",15
1266,f12440,"medical_genetics,_other",10
1267,f04763,"neurology,_total",19
1268,f04763,"neurology,_total",15
1269,f04763,"neurology,_total",10
1270,f11172,"neurology,_total_patient_care",19
1271,f11172,"neurology,_total_patient_care",15
1272,f11172,"neurology,_total_patient_care",10
1273,f04765,"neurology,_pc,_office_based",19
1274,f04765,"neurology,_pc,_office_based",15
1275,f04765,"neurology,_pc,_office_based",10
1276,f12534,"neurology,_pc,_hosp_residents",19
1277,f12534,"neurology,_pc,_hosp_residents",15
1278,f12534,"neurology,_pc,_hosp_residents",10
1279,f04767,"neurology,_pc,_hosp_ft_staff",19
1280,f04767,"neurology,_pc,_hosp_ft_staff",15
1281,f04767,"neurology,_pc,_hosp_ft_staff",10
1282,f10119,"neurology,_administration",19
1283,f10119,"neurology,_administration",15
1284,f10119,"neurology,_administration",10
1285,f10120,"neurology,_teaching",19
1286,f10120,"neurology,_teaching",15
1287,f10120,"neurology,_teaching",10
1288,f11174,"neurology,_research",19
1289,f11174,"neurology,_research",15
1290,f11174,"neurology,_research",10
1291,f10122,"neurology,_other",19
1292,f10122,"neurology,_other",15
1293,f10122,"neurology,_other",10
1294,f09816,"nuclear_med,_total",19
1295,f09816,"nuclear_med,_total",15
1296,f09816,"nuclear_med,_total",10
1297,f11175,"nuclear_med,_total_patient_care",19
1298,f11175,"nuclear_med,_total_patient_care",15
1299,f11175,"nuclear_med,_total_patient_care",10
1300,f09818,"nuclear_med,_pc,_office_based",19
1301,f09818,"nuclear_med,_pc,_office_based",15
1302,f09818,"nuclear_med,_pc,_office_based",10
1303,f12535,"nuclear_med,_pc,_hosp_residnts",19
1304,f12535,"nuclear_med,_pc,_hosp_residnts",15
1305,f12535,"nuclear_med,_pc,_hosp_residnts",10
1306,f09820,"nuclear_med,_pc,_hosp_ft_staff",19
1307,f09820,"nuclear_med,_pc,_hosp_ft_staff",15
1308,f09820,"nuclear_med,_pc,_hosp_ft_staff",10
1309,f10167,"nuclear_med,_administration",19
1310,f10167,"nuclear_med,_administration",15
1311,f10167,"nuclear_med,_administration",10
1312,f10168,"nuclear_med,_teaching",19
1313,f10168,"nuclear_med,_teaching",15
1314,f10168,"nuclear_med,_teaching",10
1315,f11177,"nuclear_med,_research",19
1316,f11177,"nuclear_med,_research",15
1317,f11177,"nuclear_med,_research",10
1318,f10170,"nuclear_med,_other",19
1319,f10170,"nuclear_med,_other",15
1320,f10170,"nuclear_med,_other",10
1321,f04768,"occupat_med,_total",19
1322,f04768,"occupat_med,_total",15
1323,f04768,"occupat_med,_total",10
1324,f11178,"occupat_med,_total_patnt_care",19
1325,f11178,"occupat_med,_total_patnt_care",15
1326,f11178,"occupat_med,_total_patnt_care",10
1327,f04770,"occupat_med,_pc,_office_based",19
1328,f04770,"occupat_med,_pc,_office_based",15
1329,f04770,"occupat_med,_pc,_office_based",10
1330,f12536,"occupat_med,_pc,_hosp_residents",19
1331,f12536,"occupat_med,_pc,_hosp_residents",15
1332,f12536,"occupat_med,_pc,_hosp_residents",10
1333,f04772,"occupat_med,_pc,_hosp_ft_staff",19
1334,f04772,"occupat_med,_pc,_hosp_ft_staff",15
1335,f04772,"occupat_med,_pc,_hosp_ft_staff",10
1336,f10125,"occupat_med,_administration",19
1337,f10125,"occupat_med,_administration",15
1338,f10125,"occupat_med,_administration",10
1339,f10126,"occupat_med,_teaching",19
1340,f10126,"occupat_med,_teaching",15
1341,f10126,"occupat_med,_teaching",10
1342,f11180,"occupat_med,_research",19
1343,f11180,"occupat_med,_research",15
1344,f11180,"occupat_med,_research",10
1345,f10128,"occupat_med,_other",19
1346,f10128,"occupat_med,_other",15
1347,f10128,"occupat_med,_other",10
1348,f04773,"psychiatry,_total",19
1349,f04773,"psychiatry,_total",15
1350,f04773,"psychiatry,_total",10
1351,f11181,"psychiatry,_total_patient_care",19
1352,f11181,"psychiatry,_total_patient_care",15
1353,f11181,"psychiatry,_total_patient_care",10
1354,f04775,"psychiatry,_pc,_office_based",19
1355,f04775,"psychiatry,_pc,_office_based",15
1356,f04775,"psychiatry,_pc,_office_based",10
1357,f12537,"psychiatry,_pc,_hosp_residents",19
1358,f12537,"psychiatry,_pc,_hosp_residents",15
1359,f12537,"psychiatry,_pc,_hosp_residents",10
1360,f04777,"psychiatry,_pc,_hosp_ft_staff",19
1361,f04777,"psychiatry,_pc,_hosp_ft_staff",15
1362,f04777,"psychiatry,_pc,_hosp_ft_staff",10
1363,f10131,"psychiatry,_administration",19
1364,f10131,"psychiatry,_administration",15
1365,f10131,"psychiatry,_administration",10
1366,f10132,"psychiatry,_teaching",19
1367,f10132,"psychiatry,_teaching",15
1368,f10132,"psychiatry,_teaching",10
1369,f11183,"psychiatry,_research",19
1370,f11183,"psychiatry,_research",15
1371,f11183,"psychiatry,_research",10
1372,f10134,"psychiatry,_other",19
1373,f10134,"psychiatry,_other",15
1374,f10134,"psychiatry,_other",10
1375,f04778,"path,anat/clinic,total",19
1376,f04778,"path,anat/clinic,total",15
1377,f04778,"path,anat/clinic,total",10
1378,f11184,"path,anat/clinic,tot_patient_cr",19
1379,f11184,"path,anat/clinic,tot_patient_cr",15
1380,f11184,"path,anat/clinic,tot_patient_cr",10
1381,f04780,"path,anat/clinic,pc,off_based",19
1382,f04780,"path,anat/clinic,pc,off_based",15
1383,f04780,"path,anat/clinic,pc,off_based",10
1384,f12538,"path,anat/clinic,pc,hosp_resdnt",19
1385,f12538,"path,anat/clinic,pc,hosp_resdnt",15
1386,f12538,"path,anat/clinic,pc,hosp_resdnt",10
1387,f04782,"path,anat/clinic,pc,hosp_ft_stf",19
1388,f04782,"path,anat/clinic,pc,hosp_ft_stf",15
1389,f04782,"path,anat/clinic,pc,hosp_ft_stf",10
1390,f10137,"path,anat/clinic,administration",19
1391,f10137,"path,anat/clinic,administration",15
1392,f10137,"path,anat/clinic,administration",10
1393,f10138,"path,anat/clinic,teaching",19
1394,f10138,"path,anat/clinic,teaching",15
1395,f10138,"path,anat/clinic,teaching",10
1396,f11186,"path,anat/clinic,research",19
1397,f11186,"path,anat/clinic,research",15
1398,f11186,"path,anat/clinic,research",10
1399,f10140,"path,anat/clinic,other",19
1400,f10140,"path,anat/clinic,other",15
1401,f10140,"path,anat/clinic,other",10
1402,f04783,"phys_med/rehab,_total",19
1403,f04783,"phys_med/rehab,_total",15
1404,f04783,"phys_med/rehab,_total",10
1405,f11187,"phys_med/rehab,_total_patnt_cr",19
1406,f11187,"phys_med/rehab,_total_patnt_cr",15
1407,f11187,"phys_med/rehab,_total_patnt_cr",10
1408,f04785,"phys_med/rehab,_pc,_office_base",19
1409,f04785,"phys_med/rehab,_pc,_office_base",15
1410,f04785,"phys_med/rehab,_pc,_office_base",10
1411,f12539,"phys_med/rehab,_pc,_hosp_resdnt",19
1412,f12539,"phys_med/rehab,_pc,_hosp_resdnt",15
1413,f12539,"phys_med/rehab,_pc,_hosp_resdnt",10
1414,f04787,"phys_med/rehab,_pc,_hosp_ft_stf",19
1415,f04787,"phys_med/rehab,_pc,_hosp_ft_stf",15
1416,f04787,"phys_med/rehab,_pc,_hosp_ft_stf",10
1417,f10143,"phys_med/rehab,_administration",19
1418,f10143,"phys_med/rehab,_administration",15
1419,f10143,"phys_med/rehab,_administration",10
1420,f10144,"phys_med/rehab,_teaching",19
1421,f10144,"phys_med/rehab,_teaching",15
1422,f10144,"phys_med/rehab,_teaching",10
1423,f11189,"phys_med/rehab,_research",19
1424,f11189,"phys_med/rehab,_research",15
1425,f11189,"phys_med/rehab,_research",10
1426,f10146,"phys_med/rehab,_other",19
1427,f10146,"phys_med/rehab,_other",15
1428,f10146,"phys_med/rehab,_other",10
1429,f04788,"gen_prev_med,_total",19
1430,f04788,"gen_prev_med,_total",15
1431,f04788,"gen_prev_med,_total",10
1432,f11190,"gen_prev_med,_total_patnt_care",19
1433,f11190,"gen_prev_med,_total_patnt_care",15
1434,f11190,"gen_prev_med,_total_patnt_care",10
1435,f04790,"gen_prev_med,_pc,_office_based",19
1436,f04790,"gen_prev_med,_pc,_office_based",15
1437,f04790,"gen_prev_med,_pc,_office_based",10
1438,f12540,"gen_prev_med,_pc,_hosp_resident",19
1439,f12540,"gen_prev_med,_pc,_hosp_resident",15
1440,f12540,"gen_prev_med,_pc,_hosp_resident",10
1441,f04792,"gen_prev_med,_pc,_hosp_ft_staff",19
1442,f04792,"gen_prev_med,_pc,_hosp_ft_staff",15
1443,f04792,"gen_prev_med,_pc,_hosp_ft_staff",10
1444,f10149,"gen_prev_med,_administration",19
1445,f10149,"gen_prev_med,_administration",15
1446,f10149,"gen_prev_med,_administration",10
1447,f10150,"gen_prev_med,_teaching",19
1448,f10150,"gen_prev_med,_teaching",15
1449,f10150,"gen_prev_med,_teaching",10
1450,f11192,"gen_prev_med,_research",19
1451,f11192,"gen_prev_med,_research",15
1452,f11192,"gen_prev_med,_research",10
1453,f10152,"gen_prev_med,_other",19
1454,f10152,"gen_prev_med,_other",15
1455,f10152,"gen_prev_med,_other",10
1456,f04793,"public_health,_total",19
1457,f04793,"public_health,_total",15
1458,f04793,"public_health,_total",10
1459,f11193,"public_health,_total_patnt_care",19
1460,f11193,"public_health,_total_patnt_care",15
1461,f11193,"public_health,_total_patnt_care",10
1462,f04795,"public_health,_pc,_office_based",19
1463,f04795,"public_health,_pc,_office_based",15
1464,f04795,"public_health,_pc,_office_based",10
1465,f12541,"public_health,_pc,_hosp_residnt",19
1466,f12541,"public_health,_pc,_hosp_residnt",15
1467,f12541,"public_health,_pc,_hosp_residnt",10
1468,f04797,"public_health,_pc,_hosp_ft_stf",19
1469,f04797,"public_health,_pc,_hosp_ft_stf",15
1470,f04797,"public_health,_pc,_hosp_ft_stf",10
1471,f10155,"public_health,_administration",19
1472,f10155,"public_health,_administration",15
1473,f10155,"public_health,_administration",10
1474,f10156,"public_health,_teaching",19
1475,f10156,"public_health,_teaching",15
1476,f10156,"public_health,_teaching",10
1477,f11195,"public_health,_research",19
1478,f11195,"public_health,_research",15
1479,f11195,"public_health,_research",10
1480,f10158,"public_health,_other",19
1481,f10158,"public_health,_other",15
1482,f10158,"public_health,_other",10
1483,f09811,"radiology,_total",19
1484,f09811,"radiology,_total",15
1485,f09811,"radiology,_total",10
1486,f11196,"radiology,_total_patient_care",19
1487,f11196,"radiology,_total_patient_care",15
1488,f11196,"radiology,_total_patient_care",10
1489,f09813,"radiology,_pc,_office_based",19
1490,f09813,"radiology,_pc,_office_based",15
1491,f09813,"radiology,_pc,_office_based",10
1492,f12542,"radiology,_pc,_hosp_residents",19
1493,f12542,"radiology,_pc,_hosp_residents",15
1494,f12542,"radiology,_pc,_hosp_residents",10
1495,f09815,"radiology,_pc,_hosp_ft_staff",19
1496,f09815,"radiology,_pc,_hosp_ft_staff",15
1497,f09815,"radiology,_pc,_hosp_ft_staff",10
1498,f10161,"radiology,_administration",19
1499,f10161,"radiology,_administration",15
1500,f10161,"radiology,_administration",10
1501,f10162,"radiology,_teaching",19
1502,f10162,"radiology,_teaching",15
1503,f10162,"radiology,_teaching",10
1504,f11198,"radiology,_research",19
1505,f11198,"radiology,_research",15
1506,f11198,"radiology,_research",10
1507,f10164,"radiology,_other",19
1508,f10164,"radiology,_other",15
1509,f10164,"radiology,_other",10
1510,f04803,"rad_oncology,_total",19
1511,f04803,"rad_oncology,_total",15
1512,f04803,"rad_oncology,_total",10
1513,f11199,"rad_oncology,_total_patnt_care",19
1514,f11199,"rad_oncology,_total_patnt_care",15
1515,f11199,"rad_oncology,_total_patnt_care",10
1516,f04805,"rad_oncology,_pc,_office_based",19
1517,f04805,"rad_oncology,_pc,_office_based",15
1518,f04805,"rad_oncology,_pc,_office_based",10
1519,f12543,"rad_oncology,_pc,_hosp_resident",19
1520,f12543,"rad_oncology,_pc,_hosp_resident",15
1521,f12543,"rad_oncology,_pc,_hosp_resident",10
1522,f04807,"rad_oncology,_pc,_hosp_ft_staff",19
1523,f04807,"rad_oncology,_pc,_hosp_ft_staff",15
1524,f04807,"rad_oncology,_pc,_hosp_ft_staff",10
1525,f10173,"rad_oncology,_administration",19
1526,f10173,"rad_oncology,_administration",15
1527,f10173,"rad_oncology,_administration",10
1528,f10174,"rad_oncology,_teaching",19
1529,f10174,"rad_oncology,_teaching",15
1530,f10174,"rad_oncology,_teaching",10
1531,f11201,"rad_oncology,_research",19
1532,f11201,"rad_oncology,_research",15
1533,f11201,"rad_oncology,_research",10
1534,f10176,"rad_oncology,_other",19
1535,f10176,"rad_oncology,_other",15
1536,f10176,"rad_oncology,_other",10
1537,f13650,"transplant_surg,_total",19
1538,f13650,"transplant_surg,_total",15
1539,f13650,"transplant_surg,_total",10
1540,f13651,"transplant_surg,_tot_patn_care",19
1541,f13651,"transplant_surg,_tot_patn_care",15
1542,f13651,"transplant_surg,_tot_patn_care",10
1543,f13652,"transplant_surg,_pc,_office_bsd",19
1544,f13652,"transplant_surg,_pc,_office_bsd",15
1545,f13652,"transplant_surg,_pc,_office_bsd",10
1546,f13653,"transplant_surg,_pc,hosp_resdnt",19
1547,f13653,"transplant_surg,_pc,hosp_resdnt",15
1548,f13653,"transplant_surg,_pc,hosp_resdnt",10
1549,f13654,"transplant_surg,_pc,hosp_ft_stf",19
1550,f13654,"transplant_surg,_pc,hosp_ft_stf",15
1551,f13654,"transplant_surg,_pc,hosp_ft_stf",10
1552,f13655,"transplant_surg,_administration",19
1553,f13655,"transplant_surg,_administration",15
1554,f13655,"transplant_surg,_administration",10
1555,f13656,"transplant_surg,_teaching",19
1556,f13656,"transplant_surg,_teaching",15
1557,f13656,"transplant_surg,_teaching",10
1558,f13657,"transplant_surg,_research",19
1559,f13657,"transplant_surg,_research",15
1560,f13657,"transplant_surg,_research",10
1561,f13658,"transplant_surg,_other",19
1562,f13658,"transplant_surg,_other",15
1563,f13658,"transplant_surg,_other",10
1564,f13635,"vascular_med,_total",19
1565,f13635,"vascular_med,_total",15
1566,f13635,"vascular_med,_total",10
1567,f13636,"vascular_med,_total_patn_care",19
1568,f13636,"vascular_med,_total_patn_care",15
1569,f13636,"vascular_med,_total_patn_care",10
1570,f13637,"vascular_med,_pc,_office_based",19
1571,f13637,"vascular_med,_pc,_office_based",15
1572,f13637,"vascular_med,_pc,_office_based",10
1573,f13638,"vascular_med,_pc,_hosp_resdnt",19
1574,f13638,"vascular_med,_pc,_hosp_resdnt",15
1575,f13638,"vascular_med,_pc,_hosp_resdnt",10
1576,f13639,"vascular_med,_pc,_hosp_ft_stf",19
1577,f13639,"vascular_med,_pc,_hosp_ft_stf",15
1578,f13639,"vascular_med,_pc,_hosp_ft_stf",10
1579,f13640,"vascular_med,_administration",19
1580,f13640,"vascular_med,_administration",15
1581,f13640,"vascular_med,_administration",10
1582,f13641,"vascular_med,_teaching",19
1583,f13641,"vascular_med,_teaching",15
1584,f13641,"vascular_med,_teaching",10
1585,f13642,"vascular_med,_research",19
1586,f13642,"vascular_med,_research",15
1587,f13642,"vascular_med,_research",10
1588,f13643,"vascular_med,_other",19
1589,f13643,"vascular_med,_other",15
1590,f13643,"vascular_med,_other",10
1591,f09821,"other_specs,_total",19
1592,f09821,"other_specs,_total",15
1593,f09821,"other_specs,_total",10
1594,f11202,"other_specs,_total_patnt_care",19
1595,f11202,"other_specs,_total_patnt_care",15
1596,f11202,"other_specs,_total_patnt_care",10
1597,f09823,"other_specs,_pc,_office_based",19
1598,f09823,"other_specs,_pc,_office_based",15
1599,f09823,"other_specs,_pc,_office_based",10
1600,f12544,"other_specs,_pc,_hosp_residents",19
1601,f12544,"other_specs,_pc,_hosp_residents",15
1602,f12544,"other_specs,_pc,_hosp_residents",10
1603,f09825,"other_specs,_pc,_hosp_ft_staff",19
1604,f09825,"other_specs,_pc,_hosp_ft_staff",15
1605,f09825,"other_specs,_pc,_hosp_ft_staff",10
1606,f10179,"other_specs,_administration",19
1607,f10179,"other_specs,_administration",15
1608,f10179,"other_specs,_administration",10
1609,f10180,"other_specs,_teaching",19
1610,f10180,"other_specs,_teaching",15
1611,f10180,"other_specs,_teaching",10
1612,f11204,"other_specs,_research",19
1613,f11204,"other_specs,_research",15
1614,f11204,"other_specs,_research",10
1615,f10182,"other_specs,_other",19
1616,f10182,"other_specs,_other",15
1617,f10182,"other_specs,_other",10
1618,f04813,"unspecified,_total",19
1619,f04813,"unspecified,_total",15
1620,f04813,"unspecified,_total",10
1621,f11205,"unspecified,_total_patient_care",19
1622,f11205,"unspecified,_total_patient_care",15
1623,f11205,"unspecified,_total_patient_care",10
1624,f04815,"unspecified,_pc,_office_based",19
1625,f04815,"unspecified,_pc,_office_based",15
1626,f04815,"unspecified,_pc,_office_based",10
1627,f12545,"unspecified,_pc,_hosp_residents",19
1628,f12545,"unspecified,_pc,_hosp_residents",15
1629,f12545,"unspecified,_pc,_hosp_residents",10
1630,f04817,"unspecified,_pc,_hosp_ft_staff",19
1631,f04817,"unspecified,_pc,_hosp_ft_staff",15
1632,f04817,"unspecified,_pc,_hosp_ft_staff",10
1633,f10191,"unspecified,_administration",19
1634,f10191,"unspecified,_administration",15
1635,f10191,"unspecified,_administration",10
1636,f10192,"unspecified,_teaching",19
1637,f10192,"unspecified,_teaching",15
1638,f10192,"unspecified,_teaching",10
1639,f11207,"unspecified,_research",19
1640,f11207,"unspecified,_research",15
1641,f11207,"unspecified,_research",10
1642,f10194,"unspecified,_other",19
1643,f10194,"unspecified,_other",15
1644,f10194,"unspecified,_other",10
1645,f04818,"md's_inactive,_total",19
1646,f04818,"md's_inactive,_total",15
1647,f04818,"md's_inactive,_total",10
1648,f04819,"md's_not_classified,_total",19
1649,f04819,"md's_not_classified,_total",15
1650,f04819,"md's_not_classified,_total",10
1651,f14681,"phys,tot_ptn_care,tot_graduates",19
1652,f14681,"phys,tot_ptn_care,tot_graduates",18
1653,f14681,"phys,tot_ptn_care,tot_graduates",17
1654,f14681,"phys,tot_ptn_care,tot_graduates",16
1655,f14681,"phys,tot_ptn_care,tot_graduates",15
1656,f14681,"phys,tot_ptn_care,tot_graduates",14
1657,f14681,"phys,tot_ptn_care,tot_graduates",13
1658,f14681,"phys,tot_ptn_care,tot_graduates",12
1659,f14681,"phys,tot_ptn_care,tot_graduates",11
1660,f14681,"phys,tot_ptn_care,tot_graduates",10
1661,f14682,"phys,tot_ptn_care,_us_graduates",19
1662,f14682,"phys,tot_ptn_care,_us_graduates",18
1663,f14682,"phys,tot_ptn_care,_us_graduates",17
1664,f14682,"phys,tot_ptn_care,_us_graduates",16
1665,f14682,"phys,tot_ptn_care,_us_graduates",15
1666,f14682,"phys,tot_ptn_care,_us_graduates",14
1667,f14682,"phys,tot_ptn_care,_us_graduates",13
1668,f14682,"phys,tot_ptn_care,_us_graduates",12
1669,f14682,"phys,tot_ptn_care,_us_graduates",11
1670,f14682,"phys,tot_ptn_care,_us_graduates",10
1671,f14683,"phys,tot_ptn_care,canadian_grad",19
1672,f14683,"phys,tot_ptn_care,canadian_grad",18
1673,f14683,"phys,tot_ptn_care,canadian_grad",17
1674,f14683,"phys,tot_ptn_care,canadian_grad",16
1675,f14683,"phys,tot_ptn_care,canadian_grad",15
1676,f14683,"phys,tot_ptn_care,canadian_grad",14
1677,f14683,"phys,tot_ptn_care,canadian_grad",13
1678,f14683,"phys,tot_ptn_care,canadian_grad",12
1679,f14683,"phys,tot_ptn_care,canadian_grad",11
1680,f14683,"phys,tot_ptn_care,canadian_grad",10
1681,f14684,"phys,tot_ptn_care,_img_grads",19
1682,f14684,"phys,tot_ptn_care,_img_grads",18
1683,f14684,"phys,tot_ptn_care,_img_grads",17
1684,f14684,"phys,tot_ptn_care,_img_grads",16
1685,f14684,"phys,tot_ptn_care,_img_grads",15
1686,f14684,"phys,tot_ptn_care,_img_grads",14
1687,f14684,"phys,tot_ptn_care,_img_grads",13
1688,f14684,"phys,tot_ptn_care,_img_grads",12
1689,f14684,"phys,tot_ptn_care,_img_grads",11
1690,f14684,"phys,tot_ptn_care,_img_grads",10
1691,f14685,"md's,tot_ptn_care,tot_graduates",19
1692,f14685,"md's,tot_ptn_care,tot_graduates",18
1693,f14685,"md's,tot_ptn_care,tot_graduates",17
1694,f14685,"md's,tot_ptn_care,tot_graduates",16
1695,f14685,"md's,tot_ptn_care,tot_graduates",15
1696,f14685,"md's,tot_ptn_care,tot_graduates",14
1697,f14685,"md's,tot_ptn_care,tot_graduates",13
1698,f14685,"md's,tot_ptn_care,tot_graduates",12
1699,f14685,"md's,tot_ptn_care,tot_graduates",11
1700,f14685,"md's,tot_ptn_care,tot_graduates",10
1701,f14686,"md's,tot_ptn_care,_us_graduates",19
1702,f14686,"md's,tot_ptn_care,_us_graduates",18
1703,f14686,"md's,tot_ptn_care,_us_graduates",17
1704,f14686,"md's,tot_ptn_care,_us_graduates",16
1705,f14686,"md's,tot_ptn_care,_us_graduates",15
1706,f14686,"md's,tot_ptn_care,_us_graduates",14
1707,f14686,"md's,tot_ptn_care,_us_graduates",13
1708,f14686,"md's,tot_ptn_care,_us_graduates",12
1709,f14686,"md's,tot_ptn_care,_us_graduates",11
1710,f14686,"md's,tot_ptn_care,_us_graduates",10
1711,f14687,"md's,tot_ptn_care,canadian_grad",19
1712,f14687,"md's,tot_ptn_care,canadian_grad",18
1713,f14687,"md's,tot_ptn_care,canadian_grad",17
1714,f14687,"md's,tot_ptn_care,canadian_grad",16
1715,f14687,"md's,tot_ptn_care,canadian_grad",15
1716,f14687,"md's,tot_ptn_care,canadian_grad",14
1717,f14687,"md's,tot_ptn_care,canadian_grad",13
1718,f14687,"md's,tot_ptn_care,canadian_grad",12
1719,f14687,"md's,tot_ptn_care,canadian_grad",11
1720,f14687,"md's,tot_ptn_care,canadian_grad",10
1721,f14688,"md's,tot_ptn_care,_img_grads",19
1722,f14688,"md's,tot_ptn_care,_img_grads",18
1723,f14688,"md's,tot_ptn_care,_img_grads",17
1724,f14688,"md's,tot_ptn_care,_img_grads",16
1725,f14688,"md's,tot_ptn_care,_img_grads",15
1726,f14688,"md's,tot_ptn_care,_img_grads",14
1727,f14688,"md's,tot_ptn_care,_img_grads",13
1728,f14688,"md's,tot_ptn_care,_img_grads",12
1729,f14688,"md's,tot_ptn_care,_img_grads",11
1730,f14688,"md's,tot_ptn_care,_img_grads",10
1731,f14689,"do's,tot_ptn_care,tot_graduates",19
1732,f14689,"do's,tot_ptn_care,tot_graduates",18
1733,f14689,"do's,tot_ptn_care,tot_graduates",17
1734,f14689,"do's,tot_ptn_care,tot_graduates",16
1735,f14689,"do's,tot_ptn_care,tot_graduates",15
1736,f14689,"do's,tot_ptn_care,tot_graduates",14
1737,f14689,"do's,tot_ptn_care,tot_graduates",13
1738,f14689,"do's,tot_ptn_care,tot_graduates",12
1739,f14689,"do's,tot_ptn_care,tot_graduates",11
1740,f14689,"do's,tot_ptn_care,tot_graduates",10
1741,f14690,"do's,tot_ptn_care,_us_graduates",19
1742,f14690,"do's,tot_ptn_care,_us_graduates",18
1743,f14690,"do's,tot_ptn_care,_us_graduates",17
1744,f14690,"do's,tot_ptn_care,_us_graduates",16
1745,f14690,"do's,tot_ptn_care,_us_graduates",15
1746,f14690,"do's,tot_ptn_care,_us_graduates",14
1747,f14690,"do's,tot_ptn_care,_us_graduates",13
1748,f14690,"do's,tot_ptn_care,_us_graduates",12
1749,f14690,"do's,tot_ptn_care,_us_graduates",11
1750,f14690,"do's,tot_ptn_care,_us_graduates",10
1751,f11269,"m.d.'s,_tot_pc,_hosp_residents",19
1752,f11269,"m.d.'s,_tot_pc,_hosp_residents",15
1753,f11269,"m.d.'s,_tot_pc,_hosp_residents",10
1754,f11270,"m.d.'s,_total_pc,_hosp_ft_staff",19
1755,f11270,"m.d.'s,_total_pc,_hosp_ft_staff",15
1756,f11270,"m.d.'s,_total_pc,_hosp_ft_staff",10
1757,f11271,"m.d.'s,_total_oth_prof_activity",19
1758,f11271,"m.d.'s,_total_oth_prof_activity",15
1759,f11271,"m.d.'s,_total_oth_prof_activity",10
1760,f13878,"m.d.'s,_total,_inactive",19
1761,f13878,"m.d.'s,_total,_inactive",15
1762,f13878,"m.d.'s,_total,_inactive",10
1763,f11273,"md's,tot_gen_prac,pc,hosp_res",19
1764,f11273,"md's,tot_gen_prac,pc,hosp_res",15
1765,f11273,"md's,tot_gen_prac,pc,hosp_res",10
1766,f11274,"md's,tot_gen_prac,pc,hsp_ft_stf",19
1767,f11274,"md's,tot_gen_prac,pc,hsp_ft_stf",15
1768,f11274,"md's,tot_gen_prac,pc,hsp_ft_stf",10
1769,f11275,"md's,tot_gen_prac,oth_prof_act",19
1770,f11275,"md's,tot_gen_prac,oth_prof_act",15
1771,f11275,"md's,tot_gen_prac,oth_prof_act",10
1772,f11277,"gen_int_med,_pc,_hosp_residents",19
1773,f11277,"gen_int_med,_pc,_hosp_residents",15
1774,f11277,"gen_int_med,_pc,_hosp_residents",10
1775,f11278,"gen_int_med,_pc,_hosp_ft_staff",19
1776,f11278,"gen_int_med,_pc,_hosp_ft_staff",15
1777,f11278,"gen_int_med,_pc,_hosp_ft_staff",10
1778,f11279,"gen_internal_med,_oth_prof_act",19
1779,f11279,"gen_internal_med,_oth_prof_act",15
1780,f11279,"gen_internal_med,_oth_prof_act",10
1781,f11735,"pediatrics,gen,pc,hosp_resident",19
1782,f11735,"pediatrics,gen,pc,hosp_resident",15
1783,f11735,"pediatrics,gen,pc,hosp_resident",10
1784,f11736,"pediatrics,gen,pc,hosp_ft_staff",19
1785,f11736,"pediatrics,gen,pc,hosp_ft_staff",15
1786,f11736,"pediatrics,gen,pc,hosp_ft_staff",10
1787,f11737,"pediatrics,_gen,_oth_prof_act",19
1788,f11737,"pediatrics,_gen,_oth_prof_act",15
1789,f11737,"pediatrics,_gen,_oth_prof_act",10
1790,f11739,"other_med,_pc,_hosp_residents",19
1791,f11739,"other_med,_pc,_hosp_residents",15
1792,f11739,"other_med,_pc,_hosp_residents",10
1793,f11740,"other_med,_pc,_hosp_ft_staff",19
1794,f11740,"other_med,_pc,_hosp_ft_staff",15
1795,f11740,"other_med,_pc,_hosp_ft_staff",10
1796,f11741,"other_med,_other_prof_activity",19
1797,f11741,"other_med,_other_prof_activity",15
1798,f11741,"other_med,_other_prof_activity",10
1799,f11289,"genrl_surg,_pc,_hosp_residents",19
1800,f11289,"genrl_surg,_pc,_hosp_residents",15
1801,f11289,"genrl_surg,_pc,_hosp_residents",10
1802,f11290,"genrl_surg,_pc,_hosp_ft_staff",19
1803,f11290,"genrl_surg,_pc,_hosp_ft_staff",15
1804,f11290,"genrl_surg,_pc,_hosp_ft_staff",10
1805,f11291,"genrl_surg,_other_prof_activity",19
1806,f11291,"genrl_surg,_other_prof_activity",15
1807,f11291,"genrl_surg,_other_prof_activity",10
1808,f11743,"ob_gyn,_gen,_pc,hosp_residents",19
1809,f11743,"ob_gyn,_gen,_pc,hosp_residents",15
1810,f11743,"ob_gyn,_gen,_pc,hosp_residents",10
1811,f11744,"ob_gyn,_gen,_pc,_hosp_ft_staff",19
1812,f11744,"ob_gyn,_gen,_pc,_hosp_ft_staff",15
1813,f11744,"ob_gyn,_gen,_pc,_hosp_ft_staff",10
1814,f11745,"ob_gyn,_gen,_oth_prof_activity",19
1815,f11745,"ob_gyn,_gen,_oth_prof_activity",15
1816,f11745,"ob_gyn,_gen,_oth_prof_activity",10
1817,f11747,"ob_gyn_subspecs,pc,hosp_resdnt",19
1818,f11747,"ob_gyn_subspecs,pc,hosp_resdnt",15
1819,f11747,"ob_gyn_subspecs,pc,hosp_resdnt",10
1820,f11748,"ob_gyn_subspecs,pc,hosp_ft_stf",19
1821,f11748,"ob_gyn_subspecs,pc,hosp_ft_stf",15
1822,f11748,"ob_gyn_subspecs,pc,hosp_ft_stf",10
1823,f11749,"ob_gyn_subspecs,_oth_prof_act",19
1824,f11749,"ob_gyn_subspecs,_oth_prof_act",15
1825,f11749,"ob_gyn_subspecs,_oth_prof_act",10
1826,f11297,"other_surg,_pc,_hosp_residents",19
1827,f11297,"other_surg,_pc,_hosp_residents",15
1828,f11297,"other_surg,_pc,_hosp_residents",10
1829,f11298,"other_surg,_pc,_hosp_ft_staff",19
1830,f11298,"other_surg,_pc,_hosp_ft_staff",15
1831,f11298,"other_surg,_pc,_hosp_ft_staff",10
1832,f11299,"other_surg,_other_prof_activity",19
1833,f11299,"other_surg,_other_prof_activity",15
1834,f11299,"other_surg,_other_prof_activity",10
1835,f11301,"psychiatry,_pc,_hosp_residents",19
1836,f11301,"psychiatry,_pc,_hosp_residents",15
1837,f11301,"psychiatry,_pc,_hosp_residents",10
1838,f11302,"psychiatry,_pc,_hosp_ft_staff",19
1839,f11302,"psychiatry,_pc,_hosp_ft_staff",15
1840,f11302,"psychiatry,_pc,_hosp_ft_staff",10
1841,f11303,"psychiatry,_other_prof_activity",19
1842,f11303,"psychiatry,_other_prof_activity",15
1843,f11303,"psychiatry,_other_prof_activity",10
1844,f11305,"oth_oth_spec,_pc,_hosp_resident",19
1845,f11305,"oth_oth_spec,_pc,_hosp_resident",15
1846,f11305,"oth_oth_spec,_pc,_hosp_resident",10
1847,f11306,"oth_oth_spec,_pc,_hosp_ft_staff",19
1848,f11306,"oth_oth_spec,_pc,_hosp_ft_staff",15
1849,f11306,"oth_oth_spec,_pc,_hosp_ft_staff",10
1850,f11307,"other_other_spec,_oth_prof_act",19
